C3: TypeLib addDispInterface failed for _cToolsUtf8: AddFuncDesc failed for DecodeToByteArray: 0x-2147352568
C3: TypeLib addDispInterface failed for _cHttpServerRouteItem: AddFuncDesc failed for Init: 0x-2147352568
C3: TypeLib addDispInterface failed for _cHttpServerResponse: AddFuncDesc failed for Text: 0x-2147352568
C3: TypeLib addDispInterface failed for _cStartUp: AddFuncDesc failed for Toggle: 0x-2147352568
C3: TypeLib addDispInterface failed for _cHttpServerSession: SetFuncAndParamNames failed for Item: 0x-2147319764
C3: TypeLib addDispInterface failed for _cModbusSlave: AddFuncDesc failed for Start: 0x-2147352568
C3: TypeLib addDispInterface failed for _cDataBase: AddFuncDesc failed for Async: 0x-2147352568
C3: TypeLib addDispInterface failed for _cHttpClient: AddFuncDesc failed for MapRequestContentType: 0x-2147352568
C3: TypeLib addDispInterface failed for _cHttpServerRouterAfter: AddFuncDesc failed for Add: 0x-2147352568
C3: TypeLib addDispInterface failed for _cToolsStream: AddFuncDesc failed for UseLineMode: 0x-2147352568
C3: TypeLib addDispInterface failed for _cSSE: AddFuncDesc failed for Start: 0x-2147352568
C3: TypeLib addDispInterface failed for _cHttpServerCookieAttr: AddFuncDesc failed for Domain: 0x-2147352568
C3: TypeLib addDispInterface failed for _cAliyunCaptcha: AddFuncDesc failed for AccessKeyId: 0x-2147352568
C3: TypeLib addDispInterface failed for _cToolsArray: AddFuncDesc failed for IsControlArray: 0x-2147352568
C3: TypeLib addDispInterface failed for _cToolsWindow: AddFuncDesc failed for TopMost: 0x-2147352568
C3: TypeLib addDispInterface failed for _cModbusTransportRTU: AddFuncDesc failed for TimeOut: 0x-2147352568
C3: TypeLib addDispInterface failed for _cTlsReMaster: AddFuncDesc failed for Connect: 0x-2147352568
C3: TypeLib addDispInterface failed for _cBufferStream: AddFuncDesc failed for Init: 0x-2147352568
C3: TypeLib addDispInterface failed for _cScriptEngine: AddFuncDesc failed for Start: 0x-2147352568
C3: TypeLib addDispInterface failed for _cTimer: AddFuncDesc failed for Index: 0x-2147352568
C3: TypeLib addDispInterface failed for _cDialog: SetFuncAndParamNames failed for Filter: 0x-2147319764
C3: TypeLib addDispInterface failed for _cByteBuffer: SetFuncAndParamNames failed for IsEmpty: 0x-2147319764
C3: TypeLib addDispInterface failed for _cRedisClient: AddFuncDesc failed for TimeOut: 0x-2147352568
C3: TypeLib addDispInterface failed for _cFileEx: AddFuncDesc failed for LastError: 0x-2147352568
C3: TypeLib addDispInterface failed for _cTlsSocket: AddFuncDesc failed for Socket: 0x-2147352568
C3: TypeLib addDispInterface failed for _cTcpServer: AddFuncDesc failed for StartMe: 0x-2147352568
C3: TypeLib addDispInterface failed for _cIni: AddFuncDesc failed for SaveTo: 0x-2147352568
C3: TypeLib addDispInterface failed for _cLang: AddFuncDesc failed for SetSelector: 0x-2147352568
C3: TypeLib addDispInterface failed for _cSSEContext: AddFuncDesc failed for SendPack: 0x-2147352568
C3: TypeLib addDispInterface failed for _cCryptoHMAC: AddFuncDesc failed for SetKeyBytes: 0x-2147352568
C3: TypeLib addDispInterface failed for _cAsyncSocket: AddFuncDesc failed for LastError: 0x-2147352568
C3: TypeLib addDispInterface failed for _cToolsHttp: AddFuncDesc failed for UrlEncode: 0x-2147352568
C3: TypeLib addDispInterface failed for _cToast: AddFuncDesc failed for Pos: 0x-2147352568
C3: TypeLib addDispInterface failed for _cJson: SetFuncAndParamNames failed for Item: 0x-2147319764
C3: TypeLib addDispInterface failed for _cToolsDateTime: AddFuncDesc failed for IsDatePast: 0x-2147352568
C3: TypeLib addDispInterface failed for _cHttpServerSvr: AddFuncDesc failed for WebRoot: 0x-2147352568
C3: TypeLib addDispInterface failed for _cVBMAN: AddFuncDesc failed for Version: 0x-2147352568
C3: TypeLib addDispInterface failed for _cToolsBase64: AddFuncDesc failed for BytesToBase64: 0x-2147352568
C3: TypeLib addDispInterface failed for _cToolsStr: AddFuncDesc failed for ParseNumbers: 0x-2147352568
C3: TypeLib addDispInterface failed for _cHttpServerRouteBefore: AddFuncDesc failed for Add: 0x-2147352568
C3: TypeLib addDispInterface failed for _cWebSocketServer: AddFuncDesc failed for SendText: 0x-2147352568
C3: TypeLib addDispInterface failed for _cWebSocketUtils: AddFuncDesc failed for UTF8ToString: 0x-2147352568
C3: TypeLib addDispInterface failed for _cHttpCrossDomain: AddFuncDesc failed for Enable: 0x-2147352568
C3: TypeLib addDispInterface failed for _cDelay: AddFuncDesc failed for Index: 0x-2147352568
C3: TypeLib addDispInterface failed for _cToolsMath: AddFuncDesc failed for GetRandRange: 0x-2147352568
C3: TypeLib addDispInterface failed for _cHeartbeat: AddFuncDesc failed for Enabled: 0x-2147352568
C3: TypeLib addDispInterface failed for _cWebSocketFrame: AddFuncDesc failed for ParseHeader: 0x-2147352568
C3: TypeLib addDispInterface failed for _cHttpServerRouter: AddFuncDesc failed for Reg: 0x-2147352568
C3: TypeLib addDispInterface failed for _cTimeUse: AddFuncDesc failed for Show: 0x-2147352568
C3: TypeLib addDispInterface failed for _cHttpServer: AddFuncDesc failed for WebRoot: 0x-2147352568
C3: TypeLib addDispInterface failed for _cHttpServerRequest: SetFuncAndParamNames failed for Item: 0x-2147319764
C3: TypeLib addDispInterface failed for _cSTDIO: AddFuncDesc failed for ExecuteCommand: 0x-2147352568
C3: TypeLib addDispInterface failed for _cRegedit: AddFuncDesc failed for SaveItem: 0x-2147352568
C3: TypeLib addDispInterface failed for _cToolsSystem: AddFuncDesc failed for RunAsAdmin: 0x-2147352568
C3: TypeLib addDispInterface failed for _cCollection: AddFuncDesc failed for Add: 0x-2147352568
C3: TypeLib addDispInterface failed for _cToolsList: AddFuncDesc failed for RsToCollection: 0x-2147352568
C3: TypeLib addDispInterface failed for _cSSEClient: AddFuncDesc failed for Connect: 0x-2147352568
C3: TypeLib addDispInterface failed for _cCsv: AddFuncDesc failed for ShowTo: 0x-2147352568
C3: TypeLib addDispInterface failed for _cWebSocketClient: AddFuncDesc failed for Connect: 0x-2147352568
C3: TypeLib addDispInterface failed for _cTimers: SetFuncAndParamNames failed for Count: 0x-2147319764
C3: TypeLib addDispInterface failed for _cLogs: AddFuncDesc failed for ShowLogsViewer: 0x-2147352568
C3: TypeLib addDispInterface failed for _iTcpServer: AddFuncDesc failed for OnDataArr: 0x-2147352568
C3: TypeLib addDispInterface failed for _cShadow: AddFuncDesc failed for DrawBitmap: 0x-2147352568
C3: TypeLib addDispInterface failed for _cWinsock: AddFuncDesc failed for Connect: 0x-2147352568
C3: TypeLib addDispInterface failed for _cZipArchive: AddFuncDesc failed for LastError: 0x-2147352568
C3: TypeLib addDispInterface failed for _cWebSocketServerClient: AddFuncDesc failed for Socket: 0x-2147352568
C3: TypeLib addDispInterface failed for _cHttpServerFileCacheEntry: AddFuncDesc failed for SetContent: 0x-2147352568
C3: TypeLib addDispInterface failed for _cModbusTransportTCP: AddFuncDesc failed for TimeOut: 0x-2147352568
C3: TypeLib addDispInterface failed for _dHttpSvr: AddFuncDesc failed for NianBao: 0x-2147352568
C3: TypeLib addDispInterface failed for _cToolsDic: AddFuncDesc failed for ToWwwFormUrlencoded: 0x-2147352568
C3: TypeLib addDispInterface failed for _cToolsFso: AddFuncDesc failed for IsFullPath: 0x-2147352568
C3: TypeLib addDispInterface failed for _cCryptoHash: AddFuncDesc failed for ComputeHashBytesToHex: 0x-2147352568
C3: TypeLib addDispInterface failed for _cPassword: AddFuncDesc failed for LastError: 0x-2147352568
C3: TypeLib addDispInterface failed for _cFormater: AddFuncDesc failed for Base64Encode: 0x-2147352568
C3: TypeLib addDispInterface failed for _cImage: AddFuncDesc failed for ShowTo: 0x-2147352568
C3: TypeLib addDispInterface failed for _cSerialPort: AddFuncDesc failed for LastError: 0x-2147352568
C3: TypeLib addDispInterface failed for _cMemoryStream: AddFuncDesc failed for Contents: 0x-2147352568
C3: TypeLib addDispInterface failed for _cDummyStream: AddFuncDesc failed for VfsSetEndOfFile: 0x-2147352568
C3: TypeLib addDispInterface failed for _Dictionary: SetFuncAndParamNames failed for Items: 0x-2147319764
C3: TypeLib generation failed: SaveAllChanges failed: 0x-2147312509
C3: 编译失败 (exit code 2)
C3: 错误日志已保存: C:\Users\vi\Desktop\c3.vb6.pro\vbman\dist/c3-error.log
(1,1): warning VB4001: TypeLib not found for ProgID: ADODB.Connection
(1,1): warning VB4001: TypeLib not found for ProgID: Excel.Application
(1,1): warning VB4001: TypeLib not found for ProgID: Word.Application
C:\Users\vi\Desktop\c3.vb6.pro\vbman\src\Socket\cAsyncSocket.cls(820,9): warning VB3003: assignment: 无法将 String 隐式转换为 ?
C:\Users\vi\Desktop\c3.vb6.pro\vbman\src\Socket\cAsyncSocket.cls(835,21): warning VB3003: assignment: 无法将 String 隐式转换为 ?
C:\Users\vi\Desktop\c3.vb6.pro\vbman\src\Socket\cAsyncSocket.cls(1041,9): warning VB3003: assignment: 无法将 ? 隐式转换为 String
C:\Users\vi\Desktop\c3.vb6.pro\vbman\src\Socket\cAsyncSocket.cls(1075,5): warning VB3003: assignment: 无法将 Byte 隐式转换为 ?
C:\Users\vi\Desktop\c3.vb6.pro\vbman\src\Socket\cAsyncSocket.cls(1479,13): warning VB3003: assignment: 无法将 String 隐式转换为 ?
C:\Users\vi\Desktop\c3.vb6.pro\vbman\src\Socket\cClientCallback.cls(37,5): warning VB3003: assignment: 无法将 Byte 隐式转换为 ?
C:\Users\vi\Desktop\c3.vb6.pro\vbman\src\Socket\cClientCallback.cls(41,5): warning VB3003: assignment: 无法将 ? 隐式转换为 Byte
C:\Users\vi\Desktop\c3.vb6.pro\vbman\src\Socket\cClientCallback.cls(55,9): warning VB3003: assignment: 无法将 ? 隐式转换为 Byte
C:\Users\vi\Desktop\c3.vb6.pro\vbman\src\Socket\cTlsSocket.cls(805,41): warning VB3001: 未声明的标识符: 'ucsSfdConnect' (可能来自其他模块)
C:\Users\vi\Desktop\c3.vb6.pro\vbman\src\Socket\cTlsSocket.cls(854,13): warning VB3003: assignment: 无法将 Byte 隐式转换为 ?
C:\Users\vi\Desktop\c3.vb6.pro\vbman\src\Socket\cTlsSocket.cls(858,13): warning VB3003: assignment: 无法将 String 隐式转换为 ?
C:\Users\vi\Desktop\c3.vb6.pro\vbman\src\Socket\cTlsSocket.cls(947,45): warning VB3001: 未声明的标识符: 'ucsSfdWrite' (可能来自其他模块)
C:\Users\vi\Desktop\c3.vb6.pro\vbman\src\Socket\cTlsSocket.cls(1039,14): warning VB3001: 未声明的标识符: 'ucsSfdRead' (可能来自其他模块)
C:\Users\vi\Desktop\c3.vb6.pro\vbman\src\Socket\cTlsSocket.cls(1041,14): warning VB3001: 未声明的标识符: 'ucsSfdWrite' (可能来自其他模块)
C:\Users\vi\Desktop\c3.vb6.pro\vbman\src\Socket\cTlsSocket.cls(1043,14): warning VB3001: 未声明的标识符: 'ucsSfdConnect' (可能来自其他模块)
C:\Users\vi\Desktop\c3.vb6.pro\vbman\src\Socket\cTlsSocket.cls(1045,14): warning VB3001: 未声明的标识符: 'ucsSfdAccept' (可能来自其他模块)
C:\Users\vi\Desktop\c3.vb6.pro\vbman\src\Socket\cTlsSocket.cls(1047,14): warning VB3001: 未声明的标识符: 'ucsSfdClose' (可能来自其他模块)
C:\Users\vi\Desktop\c3.vb6.pro\vbman\src\Socket\cTlsSocket.cls(1052,24): warning VB3001: 未声明的标识符: 'ucsSfdRead' (可能来自其他模块)
C:\Users\vi\Desktop\c3.vb6.pro\vbman\src\Socket\cTlsSocket.cls(1142,42): warning VB3001: 未声明的标识符: 'ucsSfdConnect' (可能来自其他模块)
C:\Users\vi\Desktop\c3.vb6.pro\vbman\src\Socket\cTlsSocket.cls(1184,42): warning VB3001: 未声明的标识符: 'ucsSfdWrite' (可能来自其他模块)
C:\Users\vi\Desktop\c3.vb6.pro\vbman\src\Socket\cTlsSocket.cls(1245,60): warning VB3001: 未声明的标识符: 'ucsSfdRead' (可能来自其他模块)
C:\Users\vi\Desktop\c3.vb6.pro\vbman\src\Socket\cTlsSocket.cls(1272,9): warning VB3003: assignment: 无法将 String 隐式转换为 ?
C:\Users\vi\Desktop\c3.vb6.pro\vbman\src\Socket\cTlsSocket.cls(1301,60): warning VB3001: 未声明的标识符: 'ucsSfdRead' (可能来自其他模块)
C:\Users\vi\Desktop\c3.vb6.pro\vbman\src\Socket\cTlsSocket.cls(1328,38): warning VB3001: 未声明的标识符: 'ucsSfdConnect' (可能来自其他模块)
C:\Users\vi\Desktop\c3.vb6.pro\vbman\src\Socket\cTlsSocket.cls(1369,67): warning VB3001: 未声明的标识符: 'ucsSfdAll' (可能来自其他模块)
C:\Users\vi\Desktop\c3.vb6.pro\vbman\src\Socket\cTlsSocket.cls(1432,49): warning VB3001: 未声明的标识符: 'ucsSfdRead' (可能来自其他模块)
C:\Users\vi\Desktop\c3.vb6.pro\vbman\src\Socket\cTlsSocket.cls(1435,39): warning VB3001: 未声明的标识符: 'ucsSfdClose' (可能来自其他模块)
C:\Users\vi\Desktop\c3.vb6.pro\vbman\src\Socket\cTlsSocket.cls(1437,39): warning VB3001: 未声明的标识符: 'ucsSfdClose' (可能来自其他模块)
C:\Users\vi\Desktop\c3.vb6.pro\vbman\src\Socket\cTlsSocket.cls(1451,50): warning VB3001: 未声明的标识符: 'ucsSfdRead' (可能来自其他模块)
C:\Users\vi\Desktop\c3.vb6.pro\vbman\src\Socket\cTlsSocket.cls(1455,50): warning VB3001: 未声明的标识符: 'ucsSfdRead' (可能来自其他模块)
C:\Users\vi\Desktop\c3.vb6.pro\vbman\src\Socket\cTlsSocket.cls(1459,35): warning VB3001: 未声明的标识符: 'ucsSfdConnect' (可能来自其他模块)
C:\Users\vi\Desktop\c3.vb6.pro\vbman\src\Socket\cTlsSocket.cls(1461,35): warning VB3001: 未声明的标识符: 'ucsSfdConnect' (可能来自其他模块)
C:\Users\vi\Desktop\c3.vb6.pro\vbman\src\Socket\cTlsSocket.cls(1464,39): warning VB3001: 未声明的标识符: 'ucsSfdWrite' (可能来自其他模块)
C:\Users\vi\Desktop\c3.vb6.pro\vbman\src\Socket\cTlsSocket.cls(1466,39): warning VB3001: 未声明的标识符: 'ucsSfdWrite' (可能来自其他模块)
C:\Users\vi\Desktop\c3.vb6.pro\vbman\src\Socket\cTlsSocket.cls(1481,31): warning VB3001: 未声明的标识符: 'ucsSfdRead' (可能来自其他模块)
C:\Users\vi\Desktop\c3.vb6.pro\vbman\src\Socket\cTlsSocket.cls(1483,31): warning VB3001: 未声明的标识符: 'ucsSfdRead' (可能来自其他模块)
C:\Users\vi\Desktop\c3.vb6.pro\vbman\src\Socket\cTlsSocket.cls(1487,41): warning VB3001: 未声明的标识符: 'ucsSfdRead' (可能来自其他模块)
C:\Users\vi\Desktop\c3.vb6.pro\vbman\src\Socket\cTlsSocket.cls(1505,37): warning VB3001: 未声明的标识符: 'ucsSsoSendBuffer' (可能来自其他模块)
C:\Users\vi\Desktop\c3.vb6.pro\vbman\src\Socket\cTlsSocket.cls(1515,48): warning VB3001: 未声明的标识符: 'ucsSfdWrite' (可能来自其他模块)
C:\Users\vi\Desktop\c3.vb6.pro\vbman\src\Socket\cTlsSocket.cls(1538,41): warning VB3001: 未声明的标识符: 'ucsSfdWrite' (可能来自其他模块)
C:\Users\vi\Desktop\c3.vb6.pro\vbman\src\Socket\cTlsSocket.cls(1574,40): warning VB3001: 未声明的标识符: '[_ucsSfdResolve]' (可能来自其他模块)
C:\Users\vi\Desktop\c3.vb6.pro\vbman\src\Socket\cTlsSocket.cls(1599,40): warning VB3001: 未声明的标识符: 'ucsSfdClose' (可能来自其他模块)
C:\Users\vi\Desktop\c3.vb6.pro\vbman\src\Socket\cTlsSocket.cls(1612,40): warning VB3001: 未声明的标识符: 'ucsSfdConnect' (可能来自其他模块)
C:\Users\vi\Desktop\c3.vb6.pro\vbman\src\Socket\cTlsSocket.cls(1625,40): warning VB3001: 未声明的标识符: 'ucsSfdRead' (可能来自其他模块)
C:\Users\vi\Desktop\c3.vb6.pro\vbman\src\Socket\cTlsSocket.cls(1638,40): warning VB3001: 未声明的标识符: 'ucsSfdWrite' (可能来自其他模块)
C:\Users\vi\Desktop\c3.vb6.pro\vbman\src\Socket\cTlsSocket.cls(1825,35): warning VB3001: 未声明的标识符: 'ucsSfdWrite' (可能来自其他模块)
C:\Users\vi\Desktop\c3.vb6.pro\vbman\src\Socket\cTlsSocket.cls(1827,35): warning VB3001: 未声明的标识符: 'ucsSfdWrite' (可能来自其他模块)
C:\Users\vi\Desktop\c3.vb6.pro\vbman\src\Socket\cTlsSocket.cls(1845,31): warning VB3001: 未声明的标识符: 'ucsSfdAccept' (可能来自其他模块)
C:\Users\vi\Desktop\c3.vb6.pro\vbman\src\Socket\cTlsSocket.cls(1847,31): warning VB3001: 未声明的标识符: 'ucsSfdAccept' (可能来自其他模块)
C:\Users\vi\Desktop\c3.vb6.pro\vbman\src\Socket\cTlsSocket.cls(1865,31): warning VB3001: 未声明的标识符: 'ucsSfdClose' (可能来自其他模块)
C:\Users\vi\Desktop\c3.vb6.pro\vbman\src\Socket\cTlsSocket.cls(1868,31): warning VB3001: 未声明的标识符: 'ucsSfdClose' (可能来自其他模块)
C:\Users\vi\Desktop\c3.vb6.pro\vbman\src\Socket\cTlsSocket.cls(1903,24): warning VB3001: 未声明的标识符: 'ucsSfdRead' (可能来自其他模块)
C:\Users\vi\Desktop\c3.vb6.pro\vbman\src\Socket\cTlsSocket.cls(2302,5): warning VB3003: assignment: 无法将 ? 隐式转换为 Byte
C:\Users\vi\Desktop\c3.vb6.pro\vbman\src\Socket\cTlsSocket.cls(3386,9): warning VB3003: assignment: 无法将 String 隐式转换为 ?
C:\Users\vi\Desktop\c3.vb6.pro\vbman\src\Socket\cTlsSocket.cls(3417,9): warning VB3003: assignment: 无法将 String 隐式转换为 ?
C:\Users\vi\Desktop\c3.vb6.pro\vbman\src\Socket\cTlsSocket.cls(3426,9): warning VB3003: assignment: 无法将 String 隐式转换为 ?
C:\Users\vi\Desktop\c3.vb6.pro\vbman\src\Socket\cTlsSocket.cls(3507,5): warning VB3003: assignment: 无法将 Byte 隐式转换为 ?
C:\Users\vi\Desktop\c3.vb6.pro\vbman\src\Socket\contrib\cTlsReMaster.cls(238,12): warning VB3001: 未声明的标识符: 'g_oRequestSocket' (可能来自其他模块)
C:\Users\vi\Desktop\c3.vb6.pro\vbman\src\Socket\contrib\cTlsReMaster.cls(239,12): warning VB3001: 未声明的标识符: 'g_oRequestSocket' (可能来自其他模块)
C:\Users\vi\Desktop\c3.vb6.pro\vbman\src\Socket\contrib\cTlsReMaster.cls(240,29): warning VB3001: 未声明的标识符: 'g_oRequestSocket' (可能来自其他模块)
C:\Users\vi\Desktop\c3.vb6.pro\vbman\src\Socket\contrib\cTlsReMaster.cls(244,49): warning VB3001: 未声明的标识符: 'ucsSsoType' (可能来自其他模块)
C:\Users\vi\Desktop\c3.vb6.pro\vbman\src\Socket\contrib\cTlsReMaster.cls(260,41): warning VB3001: 未声明的标识符: 'ucsSsoType' (可能来自其他模块)
C:\Users\vi\Desktop\c3.vb6.pro\vbman\src\Socket\contrib\cTlsReMaster.cls(330,19): warning VB3001: 未声明的标识符: 'VBA' (可能来自其他模块)
C:\Users\vi\Desktop\c3.vb6.pro\vbman\src\Socket\contrib\cTlsReMaster.cls(368,49): warning VB3001: 未声明的标识符: 'ucsScpAcp' (可能来自其他模块)
C:\Users\vi\Desktop\c3.vb6.pro\vbman\src\Socket\contrib\cTlsReMaster.cls(411,19): warning VB3001: 未声明的标识符: 'VBA' (可能来自其他模块)
C:\Users\vi\Desktop\c3.vb6.pro\vbman\src\Socket\contrib\cTlsReMaster.cls(429,49): warning VB3001: 未声明的标识符: 'ucsScpAcp' (可能来自其他模块)
C:\Users\vi\Desktop\c3.vb6.pro\vbman\src\Socket\contrib\cTlsReMaster.cls(451,21): warning VB3001: 未声明的标识符: 'VBA' (可能来自其他模块)
C:\Users\vi\Desktop\c3.vb6.pro\vbman\src\Socket\contrib\cTlsReMaster.cls(453,63): warning VB3001: 未声明的标识符: 'ucsScpAcp' (可能来自其他模块)
C:\Users\vi\Desktop\c3.vb6.pro\vbman\src\Socket\contrib\cTlsReMaster.cls(460,21): warning VB3001: 未声明的标识符: 'VBA' (可能来自其他模块)
C:\Users\vi\Desktop\c3.vb6.pro\vbman\src\Socket\contrib\cTlsReMaster.cls(462,57): warning VB3001: 未声明的标识符: 'ucsScpAcp' (可能来自其他模块)
C:\Users\vi\Desktop\c3.vb6.pro\vbman\src\Socket\contrib\cTlsReMaster.cls(541,9): warning VB3001: 未声明的标识符: 'g_oRequestSocket' (可能来自其他模块)
C:\Users\vi\Desktop\c3.vb6.pro\vbman\src\Socket\contrib\cTlsReMaster.cls(544,9): warning VB3001: 未声明的标识符: 'g_oRequestSocket' (可能来自其他模块)
C:\Users\vi\Desktop\c3.vb6.pro\vbman\src\HttpServer\cHttpServerRouter.cls(68,27): warning VB3001: 未声明的标识符: 'ToolsHttp' (可能来自其他模块)
C:\Users\vi\Desktop\c3.vb6.pro\vbman\src\HttpServer\cHttpServerRouter.cls(186,25): warning VB3001: 未声明的标识符: 'ToolsFso' (可能来自其他模块)
C:\Users\vi\Desktop\c3.vb6.pro\vbman\src\HttpServer\cHttpServerRouter.cls(187,16): warning VB3001: 未声明的标识符: 'ToolsFso' (可能来自其他模块)
C:\Users\vi\Desktop\c3.vb6.pro\vbman\src\HttpServer\cHttpServerRouter.cls(205,8): warning VB3001: 未声明的标识符: 'ToolsStr' (可能来自其他模块)
C:\Users\vi\Desktop\c3.vb6.pro\vbman\src\HttpServer\cHttpServerRouter.cls(207,9): warning VB3001: 未声明的标识符: 'ToolsArray' (可能来自其他模块)
C:\Users\vi\Desktop\c3.vb6.pro\vbman\src\HttpServer\cHttpServer.cls(241,25): warning VB3001: 未声明的标识符: 'RemasterProtocolConstants' (可能来自其他模块)
C:\Users\vi\Desktop\c3.vb6.pro\vbman\src\HttpServer\cHttpServer.cls(246,25): warning VB3001: 未声明的标识符: 'RemasterProtocolConstants' (可能来自其他模块)
C:\Users\vi\Desktop\c3.vb6.pro\vbman\src\HttpServer\cHttpServer.cls(561,17): warning VB3001: 未声明的标识符: 'ToolsUtf8' (可能来自其他模块)
C:\Users\vi\Desktop\c3.vb6.pro\vbman\src\HttpServer\cHttpServer.cls(644,17): warning VB3001: 未声明的标识符: 'ToolsUtf8' (可能来自其他模块)
C:\Users\vi\Desktop\c3.vb6.pro\vbman\src\HttpServer\cHttpServer.cls(758,20): warning VB3001: 未声明的标识符: 'ToolsUtf8' (可能来自其他模块)
C:\Users\vi\Desktop\c3.vb6.pro\vbman\src\HttpServer\cHttpServer.cls(788,25): warning VB3001: 未声明的标识符: 'ReqOptions' (可能来自其他模块)
C:\Users\vi\Desktop\c3.vb6.pro\vbman\src\HttpServer\cHttpServerRequest.cls(63,5): warning VB3003: assignment: 无法将 Byte 隐式转换为 ?
C:\Users\vi\Desktop\c3.vb6.pro\vbman\src\HttpServer\cHttpServerRequest.cls(102,14): warning VB3001: 未声明的标识符: 'ToolsHttp' (可能来自其他模块)
C:\Users\vi\Desktop\c3.vb6.pro\vbman\src\HttpServer\cHttpServerRequest.cls(105,11): warning VB3001: 未声明的标识符: 'ToolsHttp' (可能来自其他模块)
C:\Users\vi\Desktop\c3.vb6.pro\vbman\src\HttpServer\cHttpServerRequest.cls(122,34): warning VB3001: 未声明的标识符: 'ToolsHttp' (可能来自其他模块)
C:\Users\vi\Desktop\c3.vb6.pro\vbman\src\HttpServer\cHttpServerRequest.cls(135,10): warning VB3001: 未声明的标识符: 'ToolsHttp' (可能来自其他模块)
C:\Users\vi\Desktop\c3.vb6.pro\vbman\src\HttpServer\cHttpServerRequest.cls(161,9): warning VB3001: 未声明的标识符: 'ToolsUtf8' (可能来自其他模块)
C:\Users\vi\Desktop\c3.vb6.pro\vbman\src\HttpServer\cHttpServerRequest.cls(163,8): warning VB3001: 未声明的标识符: 'ToolsStr' (可能来自其他模块)
C:\Users\vi\Desktop\c3.vb6.pro\vbman\src\HttpServer\cHttpServerRequest.cls(163,24): warning VB3001: 未声明的标识符: 'Consts' (可能来自其他模块)
C:\Users\vi\Desktop\c3.vb6.pro\vbman\src\HttpServer\cHttpServerRequest.cls(166,14): warning VB3001: 未声明的标识符: 'ToolsHttp' (可能来自其他模块)
C:\Users\vi\Desktop\c3.vb6.pro\vbman\src\HttpServer\cHttpServerRequest.cls(169,8): warning VB3001: 未声明的标识符: 'ToolsStr' (可能来自其他模块)
C:\Users\vi\Desktop\c3.vb6.pro\vbman\src\HttpServer\cHttpServerRequest.cls(169,24): warning VB3001: 未声明的标识符: 'Consts' (可能来自其他模块)
C:\Users\vi\Desktop\c3.vb6.pro\vbman\src\HttpServer\cHttpServerRequest.cls(176,5): warning VB3003: assignment: 无法将 ? 隐式转换为 Byte
C:\Users\vi\Desktop\c3.vb6.pro\vbman\src\HttpServer\cHttpServerResponse.cls(73,5): warning VB3003: assignment: 无法将 String 隐式转换为 Object
C:\Users\vi\Desktop\c3.vb6.pro\vbman\src\HttpServer\cHttpServerResponse.cls(127,13): warning VB3001: 未声明的标识符: 'ToolsFso' (可能来自其他模块)
C:\Users\vi\Desktop\c3.vb6.pro\vbman\src\HttpServer\cHttpServerResponse.cls(130,8): warning VB3001: 未声明的标识符: 'ToolsFso' (可能来自其他模块)
C:\Users\vi\Desktop\c3.vb6.pro\vbman\src\HttpServer\cHttpServerResponse.cls(137,16): warning VB3001: 未声明的标识符: 'ToolsFso' (可能来自其他模块)
C:\Users\vi\Desktop\c3.vb6.pro\vbman\src\HttpServer\cHttpServerResponse.cls(148,8): warning VB3001: 未声明的标识符: 'ToolsFso' (可能来自其他模块)
C:\Users\vi\Desktop\c3.vb6.pro\vbman\src\HttpServer\cHttpServerResponse.cls(154,20): warning VB3001: 未声明的标识符: 'ToolsFso' (可能来自其他模块)
C:\Users\vi\Desktop\c3.vb6.pro\vbman\src\HttpServer\cHttpServerResponse.cls(160,19): warning VB3001: 未声明的标识符: 'ToolsDateTime' (可能来自其他模块)
C:\Users\vi\Desktop\c3.vb6.pro\vbman\src\HttpServer\cHttpServerResponse.cls(166,5): warning VB3003: assignment: 无法将 String 隐式转换为 Object
C:\Users\vi\Desktop\c3.vb6.pro\vbman\src\HttpServer\cHttpServerResponse.cls(167,31): warning VB3001: 未声明的标识符: 'ToolsDateTime' (可能来自其他模块)
C:\Users\vi\Desktop\c3.vb6.pro\vbman\src\HttpServer\cHttpServerResponse.cls(212,16): warning VB3001: 未声明的标识符: 'ToolsHttpMimeType' (可能来自其他模块)
C:\Users\vi\Desktop\c3.vb6.pro\vbman\src\HttpServer\cHttpServerResponse.cls(228,12): warning VB3001: 未声明的标识符: 'ToolsStream' (可能来自其他模块)
C:\Users\vi\Desktop\c3.vb6.pro\vbman\src\HttpServer\cHttpServerResponse.cls(297,5): warning VB3003: assignment: 无法将 String 隐式转换为 Object
C:\Users\vi\Desktop\c3.vb6.pro\vbman\src\HttpServer\cHttpServerResponse.cls(298,31): warning VB3001: 未声明的标识符: 'ToolsDateTime' (可能来自其他模块)
C:\Users\vi\Desktop\c3.vb6.pro\vbman\src\HttpServer\cHttpServerResponse.cls(299,5): warning VB3003: assignment: 无法将 Integer 隐式转换为 Object
C:\Users\vi\Desktop\c3.vb6.pro\vbman\src\HttpServer\cHttpServerResponse.cls(300,5): warning VB3003: assignment: 无法将 String 隐式转换为 Object
C:\Users\vi\Desktop\c3.vb6.pro\vbman\src\HttpServer\cHttpServerResponse.cls(342,13): warning VB3003: assignment: 无法将 String 隐式转换为 Object
C:\Users\vi\Desktop\c3.vb6.pro\vbman\src\HttpServer\cHttpServerResponse.cls(344,13): warning VB3003: assignment: 无法将 String 隐式转换为 Object
C:\Users\vi\Desktop\c3.vb6.pro\vbman\src\HttpServer\cHttpServerResponse.cls(346,9): warning VB3003: assignment: 无法将 Integer 隐式转换为 Object
C:\Users\vi\Desktop\c3.vb6.pro\vbman\src\HttpServer\cHttpServerResponse.cls(353,13): warning VB3001: 未声明的标识符: 'ToolsUtf8' (可能来自其他模块)
C:\Users\vi\Desktop\c3.vb6.pro\vbman\src\HttpServer\cHttpServerResponse.cls(371,13): warning VB3003: assignment: 无法将 String 隐式转换为 Object
C:\Users\vi\Desktop\c3.vb6.pro\vbman\src\HttpServer\cHttpServerResponse.cls(373,13): warning VB3003: assignment: 无法将 String 隐式转换为 Object
C:\Users\vi\Desktop\c3.vb6.pro\vbman\src\HttpServer\cHttpServerResponse.cls(375,9): warning VB3003: assignment: 无法将 Integer 隐式转换为 Object
C:\Users\vi\Desktop\c3.vb6.pro\vbman\src\HttpServer\cHttpServerResponse.cls(385,9): warning VB3003: assignment: 无法将 String 隐式转换为 Object
C:\Users\vi\Desktop\c3.vb6.pro\vbman\src\HttpServer\cHttpServerResponse.cls(387,9): warning VB3003: assignment: 无法将 String 隐式转换为 Object
C:\Users\vi\Desktop\c3.vb6.pro\vbman\src\HttpServer\cHttpServerResponse.cls(389,5): warning VB3003: assignment: 无法将 Long 隐式转换为 Object
C:\Users\vi\Desktop\c3.vb6.pro\vbman\src\HttpServer\cHttpServerResponse.cls(440,49): warning VB3001: 未声明的标识符: 'Common' (可能来自其他模块)
C:\Users\vi\Desktop\c3.vb6.pro\vbman\src\HttpServer\cHttpServerResponse.cls(440,5): warning VB3003: assignment: 无法将 String 隐式转换为 Object
C:\Users\vi\Desktop\c3.vb6.pro\vbman\src\HttpServer\cHttpServerResponse.cls(442,9): warning VB3003: assignment: 无法将 String 隐式转换为 Object
C:\Users\vi\Desktop\c3.vb6.pro\vbman\src\HttpServer\cHttpServerSession.cls(189,9): warning VB3001: 未声明的标识符: 'ToolsStr' (可能来自其他模块)
C:\Users\vi\Desktop\c3.vb6.pro\vbman\src\HttpServer\cHttpServerSession.cls(293,16): warning VB3001: 未声明的标识符: 'ToolsFso' (可能来自其他模块)
C:\Users\vi\Desktop\c3.vb6.pro\vbman\src\HttpServer\cHttpServerSession.cls(294,10): warning VB3001: 未声明的标识符: 'ToolsFso' (可能来自其他模块)
C:\Users\vi\Desktop\c3.vb6.pro\vbman\src\HttpServer\cHttpServerSession.cls(295,10): warning VB3001: 未声明的标识符: 'ToolsStream' (可能来自其他模块)
C:\Users\vi\Desktop\c3.vb6.pro\vbman\src\HttpServer\cHttpServerSession.cls(307,8): warning VB3001: 未声明的标识符: 'ToolsFso' (可能来自其他模块)
C:\Users\vi\Desktop\c3.vb6.pro\vbman\src\HttpServer\cHttpServerSession.cls(313,18): warning VB3001: 未声明的标识符: 'ToolsStream' (可能来自其他模块)
C:\Users\vi\Desktop\c3.vb6.pro\vbman\src\HttpServer\cHttpServerCookies.cls(120,25): warning VB3001: 未声明的标识符: 'ToolsHttp' (可能来自其他模块)
C:\Users\vi\Desktop\c3.vb6.pro\vbman\src\HttpServer\cHttpServerCookies.cls(123,21): warning VB3003: assignment: 无法将 String 隐式转换为 Object
C:\Users\vi\Desktop\c3.vb6.pro\vbman\src\HttpServer\cHttpServerCookies.cls(154,51): warning VB3001: 未声明的标识符: 'ToolsHttp' (可能来自其他模块)
C:\Users\vi\Desktop\c3.vb6.pro\vbman\src\HttpServer\cHttpServerCookies.cls(168,58): warning VB3001: 未声明的标识符: 'ToolsDateTime' (可能来自其他模块)
C:\Users\vi\Desktop\c3.vb6.pro\vbman\src\HttpServer\cHttpServerSvr.cls(43,16): warning VB3001: 未声明的标识符: 'ToolsFso' (可能来自其他模块)
C:\Users\vi\Desktop\c3.vb6.pro\vbman\src\HttpServer\cHttpServerSvr.cls(44,5): warning VB3001: 未声明的标识符: 'ToolsFso' (可能来自其他模块)
C:\Users\vi\Desktop\c3.vb6.pro\vbman\src\Json\cJson.cls(136,20): warning VB3001: 未声明的标识符: 'ToolsList' (可能来自其他模块)
C:\Users\vi\Desktop\c3.vb6.pro\vbman\src\Json\cJson.cls(157,18): warning VB3001: 未声明的标识符: 'ToolsStr' (可能来自其他模块)
C:\Users\vi\Desktop\c3.vb6.pro\vbman\src\Json\cJson.cls(174,29): warning VB3001: 未声明的标识符: 'ToolsList' (可能来自其他模块)
C:\Users\vi\Desktop\c3.vb6.pro\vbman\src\Json\cJson.cls(200,16): warning VB3001: 未声明的标识符: 'ToolsStr' (可能来自其他模块)
C:\Users\vi\Desktop\c3.vb6.pro\vbman\src\Json\cJson.cls(216,32): warning VB3001: 未声明的标识符: 'ToolsStr' (可能来自其他模块)
C:\Users\vi\Desktop\c3.vb6.pro\vbman\src\Json\cJson.cls(217,34): warning VB3001: 未声明的标识符: 'ToolsStr' (可能来自其他模块)
C:\Users\vi\Desktop\c3.vb6.pro\vbman\src\Json\cJson.cls(221,20): warning VB3001: 未声明的标识符: 'ToolsStr' (可能来自其他模块)
C:\Users\vi\Desktop\c3.vb6.pro\vbman\src\Json\cJson.cls(226,40): warning VB3001: 未声明的标识符: 'ToolsStr' (可能来自其他模块)
C:\Users\vi\Desktop\c3.vb6.pro\vbman\src\Json\cJson.cls(229,20): warning VB3001: 未声明的标识符: 'ToolsStr' (可能来自其他模块)
C:\Users\vi\Desktop\c3.vb6.pro\vbman\src\Json\cJson.cls(239,30): warning VB3001: 未声明的标识符: 'ToolsStream' (可能来自其他模块)
C:\Users\vi\Desktop\c3.vb6.pro\vbman\src\Json\cJson.cls(248,16): warning VB3001: 未声明的标识符: 'ToolsFso' (可能来自其他模块)
C:\Users\vi\Desktop\c3.vb6.pro\vbman\src\Json\cJson.cls(249,10): warning VB3001: 未声明的标识符: 'ToolsFso' (可能来自其他模块)
C:\Users\vi\Desktop\c3.vb6.pro\vbman\src\Json\cJson.cls(251,5): warning VB3001: 未声明的标识符: 'ToolsStream' (可能来自其他模块)
C:\Users\vi\Desktop\c3.vb6.pro\vbman\src\Socket\mdTlsThunks.bas(3683,13): warning VB3003: assignment: 无法将 ? 隐式转换为 Byte
C:\Users\vi\Desktop\c3.vb6.pro\vbman\src\Socket\mdTlsThunks.bas(4292,9): warning VB3003: assignment: 无法将 String 隐式转换为 ?
C:\Users\vi\Desktop\c3.vb6.pro\vbman\src\Socket\mdTlsThunks.bas(4606,13): warning VB3003: assignment: 无法将 ? 隐式转换为 Byte
C:\Users\vi\Desktop\c3.vb6.pro\vbman\src\Socket\mdTlsThunks.bas(5189,9): warning VB3003: assignment: 无法将 String 隐式转换为 ?
C:\Users\vi\Desktop\c3.vb6.pro\vbman\src\Socket\mdTlsThunks.bas(5198,9): warning VB3003: assignment: 无法将 String 隐式转换为 ?
C:\Users\vi\Desktop\c3.vb6.pro\vbman\src\Socket\mdTlsThunks.bas(5285,13): warning VB3003: assignment: 无法将 Integer 隐式转换为 ?
C:\Users\vi\Desktop\c3.vb6.pro\vbman\src\Socket\mdTlsThunks.bas(5298,9): warning VB3003: assignment: 无法将 String 隐式转换为 ?
C:\Users\vi\Desktop\c3.vb6.pro\vbman\src\Socket\mdTlsThunks.bas(5300,9): warning VB3003: assignment: 无法将 ? 隐式转换为 Byte
C:\Users\vi\Desktop\c3.vb6.pro\vbman\src\Socket\mdTlsThunks.bas(5305,9): warning VB3003: assignment: 无法将 ? 隐式转换为 Byte
C:\Users\vi\Desktop\c3.vb6.pro\vbman\src\Socket\mdTlsThunks.bas(5307,9): warning VB3003: assignment: 无法将 Byte 隐式转换为 ?
C:\Users\vi\Desktop\c3.vb6.pro\vbman\src\Socket\mdTlsThunks.bas(5415,5): warning VB3003: assignment: 无法将 Integer 隐式转换为 ?
C:\Users\vi\Desktop\c3.vb6.pro\vbman\src\Socket\mdTlsThunks.bas(5419,13): warning VB3003: assignment: 无法将 Integer 隐式转换为 ?
C:\Users\vi\Desktop\c3.vb6.pro\vbman\src\Socket\mdTlsThunks.bas(5463,5): warning VB3003: assignment: 无法将 Integer 隐式转换为 ?
C:\Users\vi\Desktop\c3.vb6.pro\vbman\src\Socket\mdTlsThunks.bas(5465,9): warning VB3003: assignment: 无法将 Integer 隐式转换为 ?
C:\Users\vi\Desktop\c3.vb6.pro\vbman\src\Socket\mdTlsThunks.bas(5543,5): warning VB3003: assignment: 无法将 Integer 隐式转换为 ?
C:\Users\vi\Desktop\c3.vb6.pro\vbman\src\Socket\mdTlsThunks.bas(5565,5): warning VB3003: assignment: 无法将 Integer 隐式转换为 ?
C:\Users\vi\Desktop\c3.vb6.pro\vbman\src\Socket\mdTlsThunks.bas(6815,5): warning VB3003: assignment: 无法将 Byte 隐式转换为 ?
C:\Users\vi\Desktop\c3.vb6.pro\vbman\src\Socket\mdTlsThunks.bas(6887,13): warning VB3001: 未声明的标识符: 'Is' (可能来自其他模块)
C:\Users\vi\Desktop\c3.vb6.pro\vbman\src\Socket\mdTlsThunks.bas(6889,13): warning VB3001: 未声明的标识符: 'Is' (可能来自其他模块)
C:\Users\vi\Desktop\c3.vb6.pro\vbman\src\Demos\Demo.bas(38,27): warning VB3001: 未声明的标识符: 'DataType_ByteArray' (可能来自其他模块)
C:\Users\vi\Desktop\c3.vb6.pro\vbman\src\Demos\Demo.bas(160,17): warning VB3001: 未声明的标识符: 'ALIYUN_CAPTCHA_REGION_CN' (可能来自其他模块)
C:\Users\vi\Desktop\c3.vb6.pro\vbman\src\Demos\Demo.bas(191,40): warning VB3001: 未声明的标识符: 'HMAC_ALG_SHA1' (可能来自其他模块)
C:\Users\vi\Desktop\c3.vb6.pro\vbman\src\Demos\Demo.bas(199,85): warning VB3001: 未声明的标识符: 'HMAC_ENCODING_UTF8' (可能来自其他模块)
C:\Users\vi\Desktop\c3.vb6.pro\vbman\src\Demos\Demo.bas(202,16): warning VB3001: 未声明的标识符: 'HMAC_ALG_SHA256' (可能来自其他模块)
C:\Users\vi\Desktop\c3.vb6.pro\vbman\src\Demos\Demo.bas(208,45): warning VB3001: 未声明的标识符: 'SECRET_KEY_HEX' (可能来自其他模块)
C:\Users\vi\Desktop\c3.vb6.pro\vbman\src\Demos\Demo.bas(211,41): warning VB3001: 未声明的标识符: 'SECRET_KEY_BASE64' (可能来自其他模块)
C:\Users\vi\Desktop\c3.vb6.pro\vbman\src\Demos\Demo.bas(228,26): warning VB3001: 未声明的标识符: 'HASH_ALG_SHA256' (可能来自其他模块)
C:\Users\vi\Desktop\c3.vb6.pro\vbman\src\Demos\Demo.bas(235,26): warning VB3001: 未声明的标识符: 'HASH_ALG_SHA256' (可能来自其他模块)
C:\Users\vi\Desktop\c3.vb6.pro\vbman\src\Demos\Demo.bas(242,26): warning VB3001: 未声明的标识符: 'HASH_ALG_SHA256' (可能来自其他模块)
C:\Users\vi\Desktop\c3.vb6.pro\vbman\src\Demos\Demo.bas(249,26): warning VB3001: 未声明的标识符: 'HASH_ALG_SHA256' (可能来自其他模块)
C:\Users\vi\Desktop\c3.vb6.pro\vbman\src\Demos\Demo.bas(258,26): warning VB3001: 未声明的标识符: 'HASH_ALG_MD5' (可能来自其他模块)
C:\Users\vi\Desktop\c3.vb6.pro\vbman\src\Demos\Demo.bas(265,26): warning VB3001: 未声明的标识符: 'HASH_ALG_SHA512' (可能来自其他模块)
C:\Users\vi\Desktop\c3.vb6.pro\vbman\src\Demos\Demo.bas(272,22): warning VB3001: 未声明的标识符: 'HASH_ALG_MD5' (可能来自其他模块)
C:\Users\vi\Desktop\c3.vb6.pro\vbman\src\Demos\Demo.bas(273,23): warning VB3001: 未声明的标识符: 'HASH_ALG_SHA1' (可能来自其他模块)
C:\Users\vi\Desktop\c3.vb6.pro\vbman\src\Demos\Demo.bas(274,25): warning VB3001: 未声明的标识符: 'HASH_ALG_SHA256' (可能来自其他模块)
C:\Users\vi\Desktop\c3.vb6.pro\vbman\src\Demos\Demo.bas(285,50): warning VB3001: 未声明的标识符: 'HASH_ALG_SHA256' (可能来自其他模块)
C:\Users\vi\Desktop\c3.vb6.pro\vbman\src\Demos\Demo.bas(285,88): warning VB3001: 未声明的标识符: 'ENCODING_UTF8' (可能来自其他模块)
C:\Users\vi\Desktop\c3.vb6.pro\vbman\src\Demos\Demo.bas(286,50): warning VB3001: 未声明的标识符: 'HASH_ALG_SHA256' (可能来自其他模块)
C:\Users\vi\Desktop\c3.vb6.pro\vbman\src\Demos\Demo.bas(286,88): warning VB3001: 未声明的标识符: 'ENCODING_ANSI' (可能来自其他模块)
C:\Users\vi\Desktop\c3.vb6.pro\vbman\src\Demos\Demo.bas(292,25): warning VB3001: 未声明的标识符: 'HASH_ALG_SHA256' (可能来自其他模块)
C:\Users\vi\Desktop\c3.vb6.pro\vbman\src\Demos\Demo.bas(293,25): warning VB3001: 未声明的标识符: 'HASH_ALG_SHA256' (可能来自其他模块)
C:\Users\vi\Desktop\c3.vb6.pro\vbman\src\Demos\Demo.bas(294,39): warning VB3001: 未声明的标识符: 'HASH_ALG_SHA256' (可能来自其他模块)
C:\Users\vi\Desktop\c3.vb6.pro\vbman\src\Demos\Demo.bas(304,27): warning VB3001: 未声明的标识符: 'HASH_ALG_SHA256' (可能来自其他模块)
C:\Users\vi\Desktop\c3.vb6.pro\vbman\src\Demos\Demo.bas(344,15): warning VB3001: 未声明的标识符: 'HASH_ALG_MD5' (可能来自其他模块)
C:\Users\vi\Desktop\c3.vb6.pro\vbman\src\Demos\Demo.bas(346,29): warning VB3001: 未声明的标识符: 'HASH_ALG_SHA256' (可能来自其他模块)
C:\Users\vi\Desktop\c3.vb6.pro\vbman\src\Demos\Demo.bas(365,22): warning VB3001: 未声明的标识符: 'HASH_ALG_MD5' (可能来自其他模块)
C:\Users\vi\Desktop\c3.vb6.pro\vbman\src\Demos\Demo.bas(366,51): warning VB3001: 未声明的标识符: 'HASH_ALG_MD5' (可能来自其他模块)
C:\Users\vi\Desktop\c3.vb6.pro\vbman\src\Demos\Demo.bas(369,22): warning VB3001: 未声明的标识符: 'HASH_ALG_SHA1' (可能来自其他模块)
C:\Users\vi\Desktop\c3.vb6.pro\vbman\src\Demos\Demo.bas(373,22): warning VB3001: 未声明的标识符: 'HASH_ALG_SHA256' (可能来自其他模块)
C:\Users\vi\Desktop\c3.vb6.pro\vbman\src\Demos\Demo.bas(377,22): warning VB3001: 未声明的标识符: 'HASH_ALG_SHA384' (可能来自其他模块)
C:\Users\vi\Desktop\c3.vb6.pro\vbman\src\Demos\Demo.bas(381,22): warning VB3001: 未声明的标识符: 'HASH_ALG_SHA512' (可能来自其他模块)
C:\Users\vi\Desktop\c3.vb6.pro\vbman\src\Demos\Demo.bas(450,18): warning VB3001: 未声明的标识符: 'Access' (可能来自其他模块)
C:\Users\vi\Desktop\c3.vb6.pro\vbman\src\Demos\Demo.bas(512,17): warning VB3001: 未声明的标识符: 'Tools' (可能来自其他模块)
C:\Users\vi\Desktop\c3.vb6.pro\vbman\src\Demos\Demo.bas(543,18): warning VB3001: 未声明的标识符: 'Access' (可能来自其他模块)
C:\Users\vi\Desktop\c3.vb6.pro\vbman\src\Demos\Demo.bas(553,25): warning VB3001: 未声明的标识符: 'Mysql' (可能来自其他模块)
C:\Users\vi\Desktop\c3.vb6.pro\vbman\src\Demos\Demo.bas(633,16): warning VB3001: 未声明的标识符: 'ToolsJsonVba' (可能来自其他模块)
C:\Users\vi\Desktop\c3.vb6.pro\vbman\src\Demos\Demo.bas(640,17): warning VB3001: 未声明的标识符: 'ToolsJsonVba' (可能来自其他模块)
C:\Users\vi\Desktop\c3.vb6.pro\vbman\src\Demos\Demo.bas(643,17): warning VB3001: 未声明的标识符: 'ToolsJsonVba' (可能来自其他模块)
C:\Users\vi\Desktop\c3.vb6.pro\vbman\src\Json\ToolsJsonVba.bas(178,18): warning VB3001: 未声明的标识符: 'VBA' (可能来自其他模块)
C:\Users\vi\Desktop\c3.vb6.pro\vbman\src\Json\ToolsJsonVba.bas(178,30): warning VB3001: 未声明的标识符: 'VBA' (可能来自其他模块)
C:\Users\vi\Desktop\c3.vb6.pro\vbman\src\Json\ToolsJsonVba.bas(178,42): warning VB3001: 未声明的标识符: 'VBA' (可能来自其他模块)
C:\Users\vi\Desktop\c3.vb6.pro\vbman\src\Json\ToolsJsonVba.bas(178,66): warning VB3001: 未声明的标识符: 'VBA' (可能来自其他模块)
C:\Users\vi\Desktop\c3.vb6.pro\vbman\src\Json\ToolsJsonVba.bas(178,81): warning VB3001: 未声明的标识符: 'VBA' (可能来自其他模块)
C:\Users\vi\Desktop\c3.vb6.pro\vbman\src\Json\ToolsJsonVba.bas(178,96): warning VB3001: 未声明的标识符: 'VBA' (可能来自其他模块)
C:\Users\vi\Desktop\c3.vb6.pro\vbman\src\Json\ToolsJsonVba.bas(181,17): warning VB3001: 未声明的标识符: 'VBA' (可能来自其他模块)
C:\Users\vi\Desktop\c3.vb6.pro\vbman\src\Json\ToolsJsonVba.bas(229,17): warning VB3001: 未声明的标识符: 'VBA' (可能来自其他模块)
C:\Users\vi\Desktop\c3.vb6.pro\vbman\src\Json\ToolsJsonVba.bas(230,10): warning VB3001: 未声明的标识符: 'VBA' (可能来自其他模块)
C:\Users\vi\Desktop\c3.vb6.pro\vbman\src\Json\ToolsJsonVba.bas(232,10): warning VB3001: 未声明的标识符: 'VBA' (可能来自其他模块)
C:\Users\vi\Desktop\c3.vb6.pro\vbman\src\Json\ToolsJsonVba.bas(234,37): warning VB3001: 未声明的标识符: 'VBA' (可能来自其他模块)
C:\Users\vi\Desktop\c3.vb6.pro\vbman\src\Json\ToolsJsonVba.bas(237,10): warning VB3001: 未声明的标识符: 'VBA' (可能来自其他模块)
C:\Users\vi\Desktop\c3.vb6.pro\vbman\src\Json\ToolsJsonVba.bas(245,10): warning VB3001: 未声明的标识符: 'VBA' (可能来自其他模块)
C:\Users\vi\Desktop\c3.vb6.pro\vbman\src\Json\ToolsJsonVba.bas(251,10): warning VB3001: 未声明的标识符: 'VBA' (可能来自其他模块)
C:\Users\vi\Desktop\c3.vb6.pro\vbman\src\Json\ToolsJsonVba.bas(251,25): warning VB3001: 未声明的标识符: 'VBA' (可能来自其他模块)
C:\Users\vi\Desktop\c3.vb6.pro\vbman\src\Json\ToolsJsonVba.bas(251,39): warning VB3001: 未声明的标识符: 'VBA' (可能来自其他模块)
C:\Users\vi\Desktop\c3.vb6.pro\vbman\src\Json\ToolsJsonVba.bas(253,16): warning VB3001: 未声明的标识符: 'VBA' (可能来自其他模块)
C:\Users\vi\Desktop\c3.vb6.pro\vbman\src\Json\ToolsJsonVba.bas(253,42): warning VB3001: 未声明的标识符: 'VBA' (可能来自其他模块)
C:\Users\vi\Desktop\c3.vb6.pro\vbman\src\Json\ToolsJsonVba.bas(254,36): warning VB3001: 未声明的标识符: 'VBA' (可能来自其他模块)
C:\Users\vi\Desktop\c3.vb6.pro\vbman\src\Json\ToolsJsonVba.bas(255,41): warning VB3001: 未声明的标识符: 'VBA' (可能来自其他模块)
C:\Users\vi\Desktop\c3.vb6.pro\vbman\src\Json\ToolsJsonVba.bas(257,36): warning VB3001: 未声明的标识符: 'VBA' (可能来自其他模块)
C:\Users\vi\Desktop\c3.vb6.pro\vbman\src\Json\ToolsJsonVba.bas(258,41): warning VB3001: 未声明的标识符: 'VBA' (可能来自其他模块)
C:\Users\vi\Desktop\c3.vb6.pro\vbman\src\Json\ToolsJsonVba.bas(344,16): warning VB3001: 未声明的标识符: 'VBA' (可能来自其他模块)
C:\Users\vi\Desktop\c3.vb6.pro\vbman\src\Json\ToolsJsonVba.bas(344,42): warning VB3001: 未声明的标识符: 'VBA' (可能来自其他模块)
C:\Users\vi\Desktop\c3.vb6.pro\vbman\src\Json\ToolsJsonVba.bas(345,36): warning VB3001: 未声明的标识符: 'VBA' (可能来自其他模块)
C:\Users\vi\Desktop\c3.vb6.pro\vbman\src\Json\ToolsJsonVba.bas(347,36): warning VB3001: 未声明的标识符: 'VBA' (可能来自其他模块)
C:\Users\vi\Desktop\c3.vb6.pro\vbman\src\Json\ToolsJsonVba.bas(356,10): warning VB3001: 未声明的标识符: 'VBA' (可能来自其他模块)
C:\Users\vi\Desktop\c3.vb6.pro\vbman\src\Json\ToolsJsonVba.bas(358,16): warning VB3001: 未声明的标识符: 'VBA' (可能来自其他模块)
C:\Users\vi\Desktop\c3.vb6.pro\vbman\src\Json\ToolsJsonVba.bas(358,42): warning VB3001: 未声明的标识符: 'VBA' (可能来自其他模块)
C:\Users\vi\Desktop\c3.vb6.pro\vbman\src\Json\ToolsJsonVba.bas(359,36): warning VB3001: 未声明的标识符: 'VBA' (可能来自其他模块)
C:\Users\vi\Desktop\c3.vb6.pro\vbman\src\Json\ToolsJsonVba.bas(361,36): warning VB3001: 未声明的标识符: 'VBA' (可能来自其他模块)
C:\Users\vi\Desktop\c3.vb6.pro\vbman\src\Json\ToolsJsonVba.bas(366,12): warning VB3001: 未声明的标识符: 'VBA' (可能来自其他模块)
C:\Users\vi\Desktop\c3.vb6.pro\vbman\src\Json\ToolsJsonVba.bas(397,20): warning VB3001: 未声明的标识符: 'VBA' (可能来自其他模块)
C:\Users\vi\Desktop\c3.vb6.pro\vbman\src\Json\ToolsJsonVba.bas(397,46): warning VB3001: 未声明的标识符: 'VBA' (可能来自其他模块)
C:\Users\vi\Desktop\c3.vb6.pro\vbman\src\Json\ToolsJsonVba.bas(398,40): warning VB3001: 未声明的标识符: 'VBA' (可能来自其他模块)
C:\Users\vi\Desktop\c3.vb6.pro\vbman\src\Json\ToolsJsonVba.bas(400,40): warning VB3001: 未声明的标识符: 'VBA' (可能来自其他模块)
C:\Users\vi\Desktop\c3.vb6.pro\vbman\src\Json\ToolsJsonVba.bas(407,16): warning VB3001: 未声明的标识符: 'VBA' (可能来自其他模块)
C:\Users\vi\Desktop\c3.vb6.pro\vbman\src\Json\ToolsJsonVba.bas(436,20): warning VB3001: 未声明的标识符: 'VBA' (可能来自其他模块)
C:\Users\vi\Desktop\c3.vb6.pro\vbman\src\Json\ToolsJsonVba.bas(436,46): warning VB3001: 未声明的标识符: 'VBA' (可能来自其他模块)
C:\Users\vi\Desktop\c3.vb6.pro\vbman\src\Json\ToolsJsonVba.bas(437,40): warning VB3001: 未声明的标识符: 'VBA' (可能来自其他模块)
C:\Users\vi\Desktop\c3.vb6.pro\vbman\src\Json\ToolsJsonVba.bas(439,40): warning VB3001: 未声明的标识符: 'VBA' (可能来自其他模块)
C:\Users\vi\Desktop\c3.vb6.pro\vbman\src\Json\ToolsJsonVba.bas(447,10): warning VB3001: 未声明的标识符: 'VBA' (可能来自其他模块)
C:\Users\vi\Desktop\c3.vb6.pro\vbman\src\Json\ToolsJsonVba.bas(447,25): warning VB3001: 未声明的标识符: 'VBA' (可能来自其他模块)
C:\Users\vi\Desktop\c3.vb6.pro\vbman\src\Json\ToolsJsonVba.bas(447,37): warning VB3001: 未声明的标识符: 'VBA' (可能来自其他模块)
C:\Users\vi\Desktop\c3.vb6.pro\vbman\src\Json\ToolsJsonVba.bas(447,51): warning VB3001: 未声明的标识符: 'VBA' (可能来自其他模块)
C:\Users\vi\Desktop\c3.vb6.pro\vbman\src\Json\ToolsJsonVba.bas(447,65): warning VB3001: 未声明的标识符: 'VBA' (可能来自其他模块)
C:\Users\vi\Desktop\c3.vb6.pro\vbman\src\Json\ToolsJsonVba.bas(447,81): warning VB3001: 未声明的标识符: 'VBA' (可能来自其他模块)
C:\Users\vi\Desktop\c3.vb6.pro\vbman\src\Json\ToolsJsonVba.bas(449,25): warning VB3001: 未声明的标识符: 'VBA' (可能来自其他模块)
C:\Users\vi\Desktop\c3.vb6.pro\vbman\src\Json\ToolsJsonVba.bas(471,8): warning VB3001: 未声明的标识符: 'VBA' (可能来自其他模块)
C:\Users\vi\Desktop\c3.vb6.pro\vbman\src\Json\ToolsJsonVba.bas(478,16): warning VB3001: 未声明的标识符: 'VBA' (可能来自其他模块)
C:\Users\vi\Desktop\c3.vb6.pro\vbman\src\Json\ToolsJsonVba.bas(481,20): warning VB3001: 未声明的标识符: 'VBA' (可能来自其他模块)
C:\Users\vi\Desktop\c3.vb6.pro\vbman\src\Json\ToolsJsonVba.bas(501,8): warning VB3001: 未声明的标识符: 'VBA' (可能来自其他模块)
C:\Users\vi\Desktop\c3.vb6.pro\vbman\src\Json\ToolsJsonVba.bas(508,16): warning VB3001: 未声明的标识符: 'VBA' (可能来自其他模块)
C:\Users\vi\Desktop\c3.vb6.pro\vbman\src\Json\ToolsJsonVba.bas(511,20): warning VB3001: 未声明的标识符: 'VBA' (可能来自其他模块)
C:\Users\vi\Desktop\c3.vb6.pro\vbman\src\Json\ToolsJsonVba.bas(523,17): warning VB3001: 未声明的标识符: 'VBA' (可能来自其他模块)
C:\Users\vi\Desktop\c3.vb6.pro\vbman\src\Json\ToolsJsonVba.bas(531,12): warning VB3001: 未声明的标识符: 'VBA' (可能来自其他模块)
C:\Users\vi\Desktop\c3.vb6.pro\vbman\src\Json\ToolsJsonVba.bas(534,16): warning VB3001: 未声明的标识符: 'VBA' (可能来自其他模块)
C:\Users\vi\Desktop\c3.vb6.pro\vbman\src\Json\ToolsJsonVba.bas(537,16): warning VB3001: 未声明的标识符: 'VBA' (可能来自其他模块)
C:\Users\vi\Desktop\c3.vb6.pro\vbman\src\Json\ToolsJsonVba.bas(540,16): warning VB3001: 未声明的标识符: 'VBA' (可能来自其他模块)
C:\Users\vi\Desktop\c3.vb6.pro\vbman\src\Json\ToolsJsonVba.bas(540,42): warning VB3001: 未声明的标识符: 'VBA' (可能来自其他模块)
C:\Users\vi\Desktop\c3.vb6.pro\vbman\src\Json\ToolsJsonVba.bas(559,18): warning VB3001: 未声明的标识符: 'VBA' (可能来自其他模块)
C:\Users\vi\Desktop\c3.vb6.pro\vbman\src\Json\ToolsJsonVba.bas(563,21): warning VB3001: 未声明的标识符: 'VBA' (可能来自其他模块)
C:\Users\vi\Desktop\c3.vb6.pro\vbman\src\Json\ToolsJsonVba.bas(569,25): warning VB3001: 未声明的标识符: 'VBA' (可能来自其他模块)
C:\Users\vi\Desktop\c3.vb6.pro\vbman\src\Json\ToolsJsonVba.bas(593,29): warning VB3001: 未声明的标识符: 'VBA' (可能来自其他模块)
C:\Users\vi\Desktop\c3.vb6.pro\vbman\src\Json\ToolsJsonVba.bas(594,48): warning VB3001: 未声明的标识符: 'VBA' (可能来自其他模块)
C:\Users\vi\Desktop\c3.vb6.pro\vbman\src\Json\ToolsJsonVba.bas(594,57): warning VB3001: 未声明的标识符: 'VBA' (可能来自其他模块)
C:\Users\vi\Desktop\c3.vb6.pro\vbman\src\Json\ToolsJsonVba.bas(616,21): warning VB3001: 未声明的标识符: 'VBA' (可能来自其他模块)
C:\Users\vi\Desktop\c3.vb6.pro\vbman\src\Json\ToolsJsonVba.bas(618,12): warning VB3001: 未声明的标识符: 'VBA' (可能来自其他模块)
C:\Users\vi\Desktop\c3.vb6.pro\vbman\src\Json\ToolsJsonVba.bas(634,36): warning VB3001: 未声明的标识符: 'VBA' (可能来自其他模块)
C:\Users\vi\Desktop\c3.vb6.pro\vbman\src\Json\ToolsJsonVba.bas(643,8): warning VB3001: 未声明的标识符: 'VBA' (可能来自其他模块)
C:\Users\vi\Desktop\c3.vb6.pro\vbman\src\Json\ToolsJsonVba.bas(643,55): warning VB3001: 未声明的标识符: 'VBA' (可能来自其他模块)
C:\Users\vi\Desktop\c3.vb6.pro\vbman\src\Json\ToolsJsonVba.bas(648,25): warning VB3001: 未声明的标识符: 'VBA' (可能来自其他模块)
C:\Users\vi\Desktop\c3.vb6.pro\vbman\src\Json\ToolsJsonVba.bas(662,8): warning VB3001: 未声明的标识符: 'VBA' (可能来自其他模块)
C:\Users\vi\Desktop\c3.vb6.pro\vbman\src\Json\ToolsJsonVba.bas(671,17): warning VB3001: 未声明的标识符: 'VBA' (可能来自其他模块)
C:\Users\vi\Desktop\c3.vb6.pro\vbman\src\Json\ToolsJsonVba.bas(672,10): warning VB3001: 未声明的标识符: 'VBA' (可能来自其他模块)
C:\Users\vi\Desktop\c3.vb6.pro\vbman\src\Json\ToolsJsonVba.bas(674,10): warning VB3001: 未声明的标识符: 'VBA' (可能来自其他模块)
C:\Users\vi\Desktop\c3.vb6.pro\vbman\src\Json\ToolsJsonVba.bas(675,21): warning VB3001: 未声明的标识符: 'VBA' (可能来自其他模块)
C:\Users\vi\Desktop\c3.vb6.pro\vbman\src\Json\ToolsJsonVba.bas(692,27): warning VB3001: 未声明的标识符: 'VBA' (可能来自其他模块)
C:\Users\vi\Desktop\c3.vb6.pro\vbman\src\Json\ToolsJsonVba.bas(693,21): warning VB3001: 未声明的标识符: 'VBA' (可能来自其他模块)
C:\Users\vi\Desktop\c3.vb6.pro\vbman\src\Json\ToolsJsonVba.bas(694,24): warning VB3001: 未声明的标识符: 'VBA' (可能来自其他模块)
C:\Users\vi\Desktop\c3.vb6.pro\vbman\src\Json\ToolsJsonVba.bas(734,32): warning VB3001: 未声明的标识符: 'VBA' (可能来自其他模块)
C:\Users\vi\Desktop\c3.vb6.pro\vbman\src\Json\ToolsJsonVba.bas(734,52): warning VB3001: 未声明的标识符: 'VBA' (可能来自其他模块)
C:\Users\vi\Desktop\c3.vb6.pro\vbman\src\Json\ToolsJsonVba.bas(746,17): warning VB3001: 未声明的标识符: 'VBA' (可能来自其他模块)
C:\Users\vi\Desktop\c3.vb6.pro\vbman\src\Json\ToolsJsonVba.bas(751,47): warning VB3001: 未声明的标识符: 'VBA' (可能来自其他模块)
C:\Users\vi\Desktop\c3.vb6.pro\vbman\src\Json\ToolsJsonVba.bas(751,72): warning VB3001: 未声明的标识符: 'VBA' (可能来自其他模块)
C:\Users\vi\Desktop\c3.vb6.pro\vbman\src\Json\ToolsJsonVba.bas(762,19): warning VB3001: 未声明的标识符: 'VBA' (可能来自其他模块)
C:\Users\vi\Desktop\c3.vb6.pro\vbman\src\Json\ToolsJsonVba.bas(771,29): warning VB3001: 未声明的标识符: 'VBA' (可能来自其他模块)
C:\Users\vi\Desktop\c3.vb6.pro\vbman\src\Json\ToolsJsonVba.bas(771,37): warning VB3001: 未声明的标识符: 'VBA' (可能来自其他模块)
C:\Users\vi\Desktop\c3.vb6.pro\vbman\src\Json\ToolsJsonVba.bas(802,25): warning VB3001: 未声明的标识符: 'VBA' (可能来自其他模块)
C:\Users\vi\Desktop\c3.vb6.pro\vbman\src\Json\ToolsJsonVba.bas(803,26): warning VB3001: 未声明的标识符: 'VBA' (可能来自其他模块)
C:\Users\vi\Desktop\c3.vb6.pro\vbman\src\Json\ToolsJsonVba.bas(806,54): warning VB3001: 未声明的标识符: 'VBA' (可能来自其他模块)
C:\Users\vi\Desktop\c3.vb6.pro\vbman\src\Json\ToolsJsonVba.bas(807,30): warning VB3001: 未声明的标识符: 'VBA' (可能来自其他模块)
C:\Users\vi\Desktop\c3.vb6.pro\vbman\src\Json\ToolsJsonVba.bas(807,109): warning VB3001: 未声明的标识符: 'VBA' (可能来自其他模块)
C:\Users\vi\Desktop\c3.vb6.pro\vbman\src\Json\ToolsJsonVba.bas(808,30): warning VB3001: 未声明的标识符: 'VBA' (可能来自其他模块)
C:\Users\vi\Desktop\c3.vb6.pro\vbman\src\Json\ToolsJsonVba.bas(808,79): warning VB3001: 未声明的标识符: 'VBA' (可能来自其他模块)
C:\Users\vi\Desktop\c3.vb6.pro\vbman\src\Json\ToolsJsonVba.bas(841,25): warning VB3001: 未声明的标识符: 'VBA' (可能来自其他模块)
C:\Users\vi\Desktop\c3.vb6.pro\vbman\src\Json\ToolsJsonVba.bas(850,37): warning VB3001: 未声明的标识符: 'VBA' (可能来自其他模块)
C:\Users\vi\Desktop\c3.vb6.pro\vbman\src\Json\ToolsJsonVba.bas(862,31): warning VB3001: 未声明的标识符: 'VBA' (可能来自其他模块)
C:\Users\vi\Desktop\c3.vb6.pro\vbman\src\Json\ToolsJsonVba.bas(967,17): warning VB3001: 未声明的标识符: 'VBA' (可能来自其他模块)
C:\Users\vi\Desktop\c3.vb6.pro\vbman\src\Json\ToolsJsonVba.bas(968,21): warning VB3001: 未声明的标识符: 'VBA' (可能来自其他模块)
C:\Users\vi\Desktop\c3.vb6.pro\vbman\src\Json\ToolsJsonVba.bas(969,16): warning VB3001: 未声明的标识符: 'VBA' (可能来自其他模块)
C:\Users\vi\Desktop\c3.vb6.pro\vbman\src\Json\ToolsJsonVba.bas(969,31): warning VB3001: 未声明的标识符: 'VBA' (可能来自其他模块)
C:\Users\vi\Desktop\c3.vb6.pro\vbman\src\Json\ToolsJsonVba.bas(969,59): warning VB3001: 未声明的标识符: 'VBA' (可能来自其他模块)
C:\Users\vi\Desktop\c3.vb6.pro\vbman\src\Json\ToolsJsonVba.bas(969,87): warning VB3001: 未声明的标识符: 'VBA' (可能来自其他模块)
C:\Users\vi\Desktop\c3.vb6.pro\vbman\src\Json\ToolsJsonVba.bas(972,12): warning VB3001: 未声明的标识符: 'VBA' (可能来自其他模块)
C:\Users\vi\Desktop\c3.vb6.pro\vbman\src\Json\ToolsJsonVba.bas(973,29): warning VB3001: 未声明的标识符: 'VBA' (可能来自其他模块)
C:\Users\vi\Desktop\c3.vb6.pro\vbman\src\Json\ToolsJsonVba.bas(973,39): warning VB3001: 未声明的标识符: 'VBA' (可能来自其他模块)
C:\Users\vi\Desktop\c3.vb6.pro\vbman\src\Json\ToolsJsonVba.bas(975,31): warning VB3001: 未声明的标识符: 'VBA' (可能来自其他模块)
C:\Users\vi\Desktop\c3.vb6.pro\vbman\src\Json\ToolsJsonVba.bas(978,35): warning VB3001: 未声明的标识符: 'VBA' (可能来自其他模块)
C:\Users\vi\Desktop\c3.vb6.pro\vbman\src\Json\ToolsJsonVba.bas(983,33): warning VB3001: 未声明的标识符: 'VBA' (可能来自其他模块)
C:\Users\vi\Desktop\c3.vb6.pro\vbman\src\Json\ToolsJsonVba.bas(983,43): warning VB3001: 未声明的标识符: 'VBA' (可能来自其他模块)
C:\Users\vi\Desktop\c3.vb6.pro\vbman\src\Json\ToolsJsonVba.bas(984,35): warning VB3001: 未声明的标识符: 'VBA' (可能来自其他模块)
C:\Users\vi\Desktop\c3.vb6.pro\vbman\src\Json\ToolsJsonVba.bas(984,45): warning VB3001: 未声明的标识符: 'VBA' (可能来自其他模块)
C:\Users\vi\Desktop\c3.vb6.pro\vbman\src\Json\ToolsJsonVba.bas(988,45): warning VB3001: 未声明的标识符: 'VBA' (可能来自其他模块)
C:\Users\vi\Desktop\c3.vb6.pro\vbman\src\Json\ToolsJsonVba.bas(990,45): warning VB3001: 未声明的标识符: 'VBA' (可能来自其他模块)
C:\Users\vi\Desktop\c3.vb6.pro\vbman\src\Json\ToolsJsonVba.bas(990,75): warning VB3001: 未声明的标识符: 'VBA' (可能来自其他模块)
C:\Users\vi\Desktop\c3.vb6.pro\vbman\src\Json\ToolsJsonVba.bas(993,45): warning VB3001: 未声明的标识符: 'VBA' (可能来自其他模块)
C:\Users\vi\Desktop\c3.vb6.pro\vbman\src\Json\ToolsJsonVba.bas(993,75): warning VB3001: 未声明的标识符: 'VBA' (可能来自其他模块)
C:\Users\vi\Desktop\c3.vb6.pro\vbman\src\Json\ToolsJsonVba.bas(993,109): warning VB3001: 未声明的标识符: 'VBA' (可能来自其他模块)
C:\Users\vi\Desktop\c3.vb6.pro\vbman\src\Json\ToolsJsonVba.bas(998,33): warning VB3001: 未声明的标识符: 'VBA' (可能来自其他模块)
C:\Users\vi\Desktop\c3.vb6.pro\vbman\src\Json\ToolsJsonVba.bas(1004,35): warning VB3001: 未声明的标识符: 'VBA' (可能来自其他模块)
C:\Users\vi\Desktop\c3.vb6.pro\vbman\src\Json\ToolsJsonVba.bas(1004,50): warning VB3001: 未声明的标识符: 'VBA' (可能来自其他模块)
C:\Users\vi\Desktop\c3.vb6.pro\vbman\src\Json\ToolsJsonVba.bas(1006,35): warning VB3001: 未声明的标识符: 'VBA' (可能来自其他模块)
C:\Users\vi\Desktop\c3.vb6.pro\vbman\src\Json\ToolsJsonVba.bas(1006,50): warning VB3001: 未声明的标识符: 'VBA' (可能来自其他模块)
C:\Users\vi\Desktop\c3.vb6.pro\vbman\src\Json\ToolsJsonVba.bas(1006,78): warning VB3001: 未声明的标识符: 'VBA' (可能来自其他模块)
C:\Users\vi\Desktop\c3.vb6.pro\vbman\src\Json\ToolsJsonVba.bas(1009,35): warning VB3001: 未声明的标识符: 'VBA' (可能来自其他模块)
C:\Users\vi\Desktop\c3.vb6.pro\vbman\src\Json\ToolsJsonVba.bas(1009,50): warning VB3001: 未声明的标识符: 'VBA' (可能来自其他模块)
C:\Users\vi\Desktop\c3.vb6.pro\vbman\src\Json\ToolsJsonVba.bas(1009,78): warning VB3001: 未声明的标识符: 'VBA' (可能来自其他模块)
C:\Users\vi\Desktop\c3.vb6.pro\vbman\src\Json\ToolsJsonVba.bas(1009,110): warning VB3001: 未声明的标识符: 'VBA' (可能来自其他模块)
C:\Users\vi\Desktop\c3.vb6.pro\vbman\src\Json\ToolsJsonVba.bas(1036,20): warning VB3001: 未声明的标识符: 'VBA' (可能来自其他模块)
C:\Users\vi\Desktop\c3.vb6.pro\vbman\src\Json\ToolsJsonVba.bas(1113,38): warning VB3001: 未声明的标识符: 'VBA' (可能来自其他模块)
C:\Users\vi\Desktop\c3.vb6.pro\vbman\src\Json\ToolsJsonVba.bas(1114,39): warning VB3001: 未声明的标识符: 'VBA' (可能来自其他模块)
C:\Users\vi\Desktop\c3.vb6.pro\vbman\src\Json\ToolsJsonVba.bas(1115,37): warning VB3001: 未声明的标识符: 'VBA' (可能来自其他模块)
C:\Users\vi\Desktop\c3.vb6.pro\vbman\src\Json\ToolsJsonVba.bas(1116,38): warning VB3001: 未声明的标识符: 'VBA' (可能来自其他模块)
C:\Users\vi\Desktop\c3.vb6.pro\vbman\src\Json\ToolsJsonVba.bas(1117,40): warning VB3001: 未声明的标识符: 'VBA' (可能来自其他模块)
C:\Users\vi\Desktop\c3.vb6.pro\vbman\src\Json\ToolsJsonVba.bas(1118,40): warning VB3001: 未声明的标识符: 'VBA' (可能来自其他模块)
C:\Users\vi\Desktop\c3.vb6.pro\vbman\src\SSE\cSSE.cls(220,26): warning VB3001: 未声明的标识符: 'ToolsUtf8' (可能来自其他模块)
C:\Users\vi\Desktop\c3.vb6.pro\vbman\src\SSE\cSSE.cls(251,5): warning VB3001: 未声明的标识符: 'ResponseLine' (可能来自其他模块)
C:\Users\vi\Desktop\c3.vb6.pro\vbman\src\SSE\cSSE.cls(252,12): warning VB3001: 未声明的标识符: 'ResponseLine' (可能来自其他模块)
C:\Users\vi\Desktop\c3.vb6.pro\vbman\src\SSE\cSSE.cls(252,5): warning VB3001: 未声明的标识符: 'Tstr' (可能来自其他模块)
C:\Users\vi\Desktop\c3.vb6.pro\vbman\src\SSE\cSSE.cls(253,12): warning VB3001: 未声明的标识符: 'Tstr' (可能来自其他模块)
C:\Users\vi\Desktop\c3.vb6.pro\vbman\src\SSE\cSSE.cls(253,5): warning VB3001: 未声明的标识符: 'Tstr' (可能来自其他模块)
C:\Users\vi\Desktop\c3.vb6.pro\vbman\src\SSE\cSSE.cls(254,12): warning VB3001: 未声明的标识符: 'Tstr' (可能来自其他模块)
C:\Users\vi\Desktop\c3.vb6.pro\vbman\src\SSE\cSSE.cls(254,5): warning VB3001: 未声明的标识符: 'Tstr' (可能来自其他模块)
C:\Users\vi\Desktop\c3.vb6.pro\vbman\src\SSE\cSSE.cls(255,12): warning VB3001: 未声明的标识符: 'Tstr' (可能来自其他模块)
C:\Users\vi\Desktop\c3.vb6.pro\vbman\src\SSE\cSSE.cls(255,5): warning VB3001: 未声明的标识符: 'Tstr' (可能来自其他模块)
C:\Users\vi\Desktop\c3.vb6.pro\vbman\src\SSE\cSSE.cls(256,12): warning VB3001: 未声明的标识符: 'Tstr' (可能来自其他模块)
C:\Users\vi\Desktop\c3.vb6.pro\vbman\src\SSE\cSSE.cls(256,5): warning VB3001: 未声明的标识符: 'Tstr' (可能来自其他模块)
C:\Users\vi\Desktop\c3.vb6.pro\vbman\src\SSE\cSSE.cls(257,12): warning VB3001: 未声明的标识符: 'Tstr' (可能来自其他模块)
C:\Users\vi\Desktop\c3.vb6.pro\vbman\src\SSE\cSSE.cls(257,5): warning VB3001: 未声明的标识符: 'Tstr' (可能来自其他模块)
C:\Users\vi\Desktop\c3.vb6.pro\vbman\src\SSE\cSSE.cls(258,12): warning VB3001: 未声明的标识符: 'Tstr' (可能来自其他模块)
C:\Users\vi\Desktop\c3.vb6.pro\vbman\src\SSE\cSSE.cls(258,5): warning VB3001: 未声明的标识符: 'Tstr' (可能来自其他模块)
C:\Users\vi\Desktop\c3.vb6.pro\vbman\src\SSE\cSSE.cls(259,19): warning VB3001: 未声明的标识符: 'Tstr' (可能来自其他模块)
C:\Users\vi\Desktop\c3.vb6.pro\vbman\src\Tools\cHttpCrossDomain.cls(56,5): warning VB3003: assignment: 无法将 String 隐式转换为 Object
C:\Users\vi\Desktop\c3.vb6.pro\vbman\src\Tools\cHttpCrossDomain.cls(57,5): warning VB3003: assignment: 无法将 String 隐式转换为 Object
C:\Users\vi\Desktop\c3.vb6.pro\vbman\src\Tools\cHttpCrossDomain.cls(58,5): warning VB3003: assignment: 无法将 String 隐式转换为 Object
C:\Users\vi\Desktop\c3.vb6.pro\vbman\src\Tools\cHttpCrossDomain.cls(59,5): warning VB3003: assignment: 无法将 String 隐式转换为 Object
C:\Users\vi\Desktop\c3.vb6.pro\vbman\src\Tools\cHttpCrossDomain.cls(60,5): warning VB3003: assignment: 无法将 Long 隐式转换为 Object
C:\Users\vi\Desktop\c3.vb6.pro\vbman\src\HttpClient\cHttpClient.cls(125,5): warning VB3001: 未声明的标识符: 'Consts' (可能来自其他模块)
C:\Users\vi\Desktop\c3.vb6.pro\vbman\src\HttpClient\cHttpClient.cls(126,5): warning VB3001: 未声明的标识符: 'Consts' (可能来自其他模块)
C:\Users\vi\Desktop\c3.vb6.pro\vbman\src\HttpClient\cHttpClient.cls(127,5): warning VB3001: 未声明的标识符: 'Consts' (可能来自其他模块)
C:\Users\vi\Desktop\c3.vb6.pro\vbman\src\HttpClient\cHttpClient.cls(128,5): warning VB3001: 未声明的标识符: 'Consts' (可能来自其他模块)
C:\Users\vi\Desktop\c3.vb6.pro\vbman\src\HttpClient\cHttpClient.cls(129,5): warning VB3001: 未声明的标识符: 'Consts' (可能来自其他模块)
C:\Users\vi\Desktop\c3.vb6.pro\vbman\src\HttpClient\cHttpClient.cls(155,17): warning VB3003: assignment: 无法将 String 隐式转换为 Object
C:\Users\vi\Desktop\c3.vb6.pro\vbman\src\HttpClient\cHttpClient.cls(161,5): warning VB3003: assignment: 无法将 String 隐式转换为 Object
C:\Users\vi\Desktop\c3.vb6.pro\vbman\src\HttpClient\cHttpClient.cls(170,26): warning VB3001: 未声明的标识符: 'ReqPost' (可能来自其他模块)
C:\Users\vi\Desktop\c3.vb6.pro\vbman\src\HttpClient\cHttpClient.cls(173,25): warning VB3001: 未声明的标识符: 'ReqGet' (可能来自其他模块)
C:\Users\vi\Desktop\c3.vb6.pro\vbman\src\HttpClient\cHttpClient.cls(176,25): warning VB3001: 未声明的标识符: 'ReqPut' (可能来自其他模块)
C:\Users\vi\Desktop\c3.vb6.pro\vbman\src\HttpClient\cHttpClient.cls(179,28): warning VB3001: 未声明的标识符: 'ReqDelete' (可能来自其他模块)
C:\Users\vi\Desktop\c3.vb6.pro\vbman\src\HttpClient\cHttpClient.cls(182,29): warning VB3001: 未声明的标识符: 'ReqOptions' (可能来自其他模块)
C:\Users\vi\Desktop\c3.vb6.pro\vbman\src\HttpClient\cHttpClient.cls(201,46): warning VB3001: 未声明的标识符: 'ToolsHttp' (可能来自其他模块)
C:\Users\vi\Desktop\c3.vb6.pro\vbman\src\HttpClient\cHttpClient.cls(201,78): warning VB3001: 未声明的标识符: 'ToolsHttp' (可能来自其他模块)
C:\Users\vi\Desktop\c3.vb6.pro\vbman\src\HttpClient\cHttpClient.cls(205,44): warning VB3001: 未声明的标识符: 'ToolsHttp' (可能来自其他模块)
C:\Users\vi\Desktop\c3.vb6.pro\vbman\src\HttpClient\cHttpClient.cls(235,38): warning VB3001: 未声明的标识符: 'Consts' (可能来自其他模块)
C:\Users\vi\Desktop\c3.vb6.pro\vbman\src\HttpClient\cHttpClient.cls(238,38): warning VB3001: 未声明的标识符: 'Consts' (可能来自其他模块)
C:\Users\vi\Desktop\c3.vb6.pro\vbman\src\HttpClient\cHttpClient.cls(240,18): warning VB3001: 未声明的标识符: 'Consts' (可能来自其他模块)
C:\Users\vi\Desktop\c3.vb6.pro\vbman\src\HttpClient\cHttpClient.cls(252,33): warning VB3001: 未声明的标识符: 'Consts' (可能来自其他模块)
C:\Users\vi\Desktop\c3.vb6.pro\vbman\src\HttpClient\cHttpClient.cls(254,37): warning VB3001: 未声明的标识符: 'Consts' (可能来自其他模块)
C:\Users\vi\Desktop\c3.vb6.pro\vbman\src\HttpClient\cHttpClient.cls(255,20): warning VB3001: 未声明的标识符: 'ToolsHttp' (可能来自其他模块)
C:\Users\vi\Desktop\c3.vb6.pro\vbman\src\HttpClient\cHttpClient.cls(263,12): warning VB3001: 未声明的标识符: 'ToolsStr' (可能来自其他模块)
C:\Users\vi\Desktop\c3.vb6.pro\vbman\src\HttpClient\cHttpClient.cls(264,24): warning VB3001: 未声明的标识符: 'ToolsUtf8' (可能来自其他模块)
C:\Users\vi\Desktop\c3.vb6.pro\vbman\src\HttpClient\cHttpClient.cls(266,24): warning VB3001: 未声明的标识符: 'ToolsArray' (可能来自其他模块)
C:\Users\vi\Desktop\c3.vb6.pro\vbman\src\HttpClient\cHttpClient.cls(268,31): warning VB3001: 未声明的标识符: 'Consts' (可能来自其他模块)
C:\Users\vi\Desktop\c3.vb6.pro\vbman\src\HttpClient\cHttpClient.cls(287,14): warning VB3001: 未声明的标识符: 'ToolsHttp' (可能来自其他模块)
C:\Users\vi\Desktop\c3.vb6.pro\vbman\src\HttpClient\cHttpClient.cls(372,22): warning VB3001: 未声明的标识符: 'ToolsUtf8' (可能来自其他模块)
C:\Users\vi\Desktop\c3.vb6.pro\vbman\src\HttpClient\cHttpClient.cls(478,10): warning VB3001: 未声明的标识符: 'ToolsHttp' (可能来自其他模块)
C:\Users\vi\Desktop\c3.vb6.pro\vbman\src\HttpClient\cHttpClient.cls(606,13): warning VB3003: assignment: 无法将 String 隐式转换为 Object
C:\Users\vi\Desktop\c3.vb6.pro\vbman\src\Logs\ToolsLogs.bas(26,17): warning VB3001: 未声明的标识符: 'LvCustom' (可能来自其他模块)
C:\Users\vi\Desktop\c3.vb6.pro\vbman\src\Logs\ToolsLogs.bas(29,46): warning VB3001: 未声明的标识符: 'EnumLogLevel' (可能来自其他模块)
C:\Users\vi\Desktop\c3.vb6.pro\vbman\src\Layer\cLayer.cls(18,12): warning VB3001: 未声明的标识符: 'FLayer' (可能来自其他模块)
C:\Users\vi\Desktop\c3.vb6.pro\vbman\src\Layer\cLayer.cls(27,10): warning VB3001: 未声明的标识符: 'FLayer' (可能来自其他模块)
C:\Users\vi\Desktop\c3.vb6.pro\vbman\src\Layer\cLayer.cls(28,25): warning VB3001: 未声明的标识符: 'FLayer' (可能来自其他模块)
C:\Users\vi\Desktop\c3.vb6.pro\vbman\src\Layer\cLayer.cls(33,10): warning VB3001: 未声明的标识符: 'FLayer' (可能来自其他模块)
C:\Users\vi\Desktop\c3.vb6.pro\vbman\src\StaticClass\cVBMAN.cls(66,15): warning VB3001: 未声明的标识符: 'Common' (可能来自其他模块)
C:\Users\vi\Desktop\c3.vb6.pro\vbman\src\StaticClass\cVBMAN.cls(70,12): warning VB3001: 未声明的标识符: 'Common' (可能来自其他模块)
C:\Users\vi\Desktop\c3.vb6.pro\vbman\src\Layer\FLayer.frm(36,5): warning VB3001: 未声明的标识符: 'ToolsWindow' (可能来自其他模块)
C:\Users\vi\Desktop\c3.vb6.pro\vbman\src\Ini\cIni.cls(74,5): warning VB3001: 未声明的标识符: 'ToolsFso' (可能来自其他模块)
C:\Users\vi\Desktop\c3.vb6.pro\vbman\src\Csv\cCsv.cls(119,5): warning VB3003: assignment: 无法将 Long 隐式转换为 Object
C:\Users\vi\Desktop\c3.vb6.pro\vbman\src\Csv\cCsv.cls(154,5): warning VB3003: assignment: 无法将 String 隐式转换为 Object
C:\Users\vi\Desktop\c3.vb6.pro\vbman\src\Csv\cCsv.cls(155,5): warning VB3003: assignment: 无法将 Long 隐式转换为 Object
C:\Users\vi\Desktop\c3.vb6.pro\vbman\src\Csv\cCsv.cls(167,17): warning VB3001: 未声明的标识符: 'ToolsDic' (可能来自其他模块)
C:\Users\vi\Desktop\c3.vb6.pro\vbman\src\Tools\DateTime\Timer\cTimer.cls(130,9): warning VB3001: 未声明的标识符: 'timers' (可能来自其他模块)
C:\Users\vi\Desktop\c3.vb6.pro\vbman\src\Tools\DateTime\Timer\cTimer.cls(148,9): warning VB3001: 未声明的标识符: 'timers' (可能来自其他模块)
C:\Users\vi\Desktop\c3.vb6.pro\vbman\src\Tools\DateTime\Timer\cTimers.cls(88,5): warning VB3001: 未声明的标识符: 'CTimersCol' (可能来自其他模块)
C:\Users\vi\Desktop\c3.vb6.pro\vbman\src\Logs\cLogs.cls(91,22): warning VB3001: 未声明的标识符: 'FLogs' (可能来自其他模块)
C:\Users\vi\Desktop\c3.vb6.pro\vbman\src\Logs\cLogs.cls(95,12): warning VB3001: 未声明的标识符: 'FLogs' (可能来自其他模块)
C:\Users\vi\Desktop\c3.vb6.pro\vbman\src\Logs\cLogs.cls(95,39): warning VB3001: 未声明的标识符: 'FLogs' (可能来自其他模块)
C:\Users\vi\Desktop\c3.vb6.pro\vbman\src\Logs\cLogs.cls(97,16): warning VB3001: 未声明的标识符: 'FLogs' (可能来自其他模块)
C:\Users\vi\Desktop\c3.vb6.pro\vbman\src\Logs\cLogs.cls(120,8): warning VB3001: 未声明的标识符: 'FLogs' (可能来自其他模块)
C:\Users\vi\Desktop\c3.vb6.pro\vbman\src\Logs\cLogs.cls(121,9): warning VB3001: 未声明的标识符: 'FLogs' (可能来自其他模块)
C:\Users\vi\Desktop\c3.vb6.pro\vbman\src\Logs\FLogs.frm(62,33): warning VB3001: 未声明的标识符: 'WindowTopMost' (可能来自其他模块)
C:\Users\vi\Desktop\c3.vb6.pro\vbman\src\Logs\FLogs.frm(62,5): warning VB3001: 未声明的标识符: 'WindowTopMost' (可能来自其他模块)
C:\Users\vi\Desktop\c3.vb6.pro\vbman\src\Logs\FLogs.frm(63,5): warning VB3001: 未声明的标识符: 'ToolsWindow' (可能来自其他模块)
C:\Users\vi\Desktop\c3.vb6.pro\vbman\src\Logs\FLogs.frm(63,38): warning VB3001: 未声明的标识符: 'WindowTopMost' (可能来自其他模块)
C:\Users\vi\Desktop\c3.vb6.pro\vbman\src\Tools\Fso\cToolsStream.cls(114,13): warning VB3003: assignment: 无法将 Integer 隐式转换为 ?
C:\Users\vi\Desktop\c3.vb6.pro\vbman\src\Tools\String\cToolsStr.cls(111,9): warning VB3003: assignment: 无法将 String 隐式转换为 ?
C:\Users\vi\Desktop\c3.vb6.pro\vbman\src\Tools\String\cToolsStr.cls(134,5): warning VB3003: assignment: 无法将 String 隐式转换为 ?
C:\Users\vi\Desktop\c3.vb6.pro\vbman\src\Tools\String\cToolsStr.cls(154,5): warning VB3003: assignment: 无法将 String 隐式转换为 ?
C:\Users\vi\Desktop\c3.vb6.pro\vbman\src\Tools\String\cToolsStr.cls(377,8): warning VB3001: 未声明的标识符: 'ToolsStr' (可能来自其他模块)
C:\Users\vi\Desktop\c3.vb6.pro\vbman\src\Tools\String\cToolsStr.cls(378,8): warning VB3001: 未声明的标识符: 'ToolsStr' (可能来自其他模块)
C:\Users\vi\Desktop\c3.vb6.pro\vbman\src\Tools\String\cToolsStr.cls(411,5): warning VB3001: 未声明的标识符: 'hasLeft' (可能来自其他模块)
C:\Users\vi\Desktop\c3.vb6.pro\vbman\src\Tools\String\cToolsStr.cls(412,8): warning VB3001: 未声明的标识符: 'hasLeft' (可能来自其他模块)
C:\Users\vi\Desktop\c3.vb6.pro\vbman\src\Tools\String\cToolsStr.cls(413,12): warning VB3001: 未声明的标识符: 'hasLeft' (可能来自其他模块)
C:\Users\vi\Desktop\c3.vb6.pro\vbman\src\Tools\String\cToolsStr.cls(413,5): warning VB3001: 未声明的标识符: 'POSF' (可能来自其他模块)
C:\Users\vi\Desktop\c3.vb6.pro\vbman\src\Tools\String\cToolsStr.cls(415,9): warning VB3001: 未声明的标识符: 'POSE' (可能来自其他模块)
C:\Users\vi\Desktop\c3.vb6.pro\vbman\src\Tools\String\cToolsStr.cls(418,13): warning VB3001: 未声明的标识符: 'POSE' (可能来自其他模块)
C:\Users\vi\Desktop\c3.vb6.pro\vbman\src\Tools\String\cToolsStr.cls(420,26): warning VB3001: 未声明的标识符: 'POSF' (可能来自其他模块)
C:\Users\vi\Desktop\c3.vb6.pro\vbman\src\Tools\String\cToolsStr.cls(420,13): warning VB3001: 未声明的标识符: 'POSE' (可能来自其他模块)
C:\Users\vi\Desktop\c3.vb6.pro\vbman\src\Tools\String\cToolsStr.cls(423,8): warning VB3001: 未声明的标识符: 'POSE' (可能来自其他模块)
C:\Users\vi\Desktop\c3.vb6.pro\vbman\src\Tools\String\cToolsStr.cls(423,15): warning VB3001: 未声明的标识符: 'POSF' (可能来自其他模块)
C:\Users\vi\Desktop\c3.vb6.pro\vbman\src\Tools\String\cToolsStr.cls(424,33): warning VB3001: 未声明的标识符: 'POSF' (可能来自其他模块)
C:\Users\vi\Desktop\c3.vb6.pro\vbman\src\Tools\String\cToolsStr.cls(424,39): warning VB3001: 未声明的标识符: 'POSE' (可能来自其他模块)
C:\Users\vi\Desktop\c3.vb6.pro\vbman\src\Tools\String\cToolsStr.cls(424,46): warning VB3001: 未声明的标识符: 'POSF' (可能来自其他模块)
C:\Users\vi\Desktop\c3.vb6.pro\vbman\src\Tools\String\cToolsStr.cls(457,5): warning VB3003: assignment: 无法将 String 隐式转换为 ?
C:\Users\vi\Desktop\c3.vb6.pro\vbman\src\Tools\String\cToolsStr.cls(582,15): warning VB3001: 未声明的标识符: 'ToolsMath' (可能来自其他模块)
C:\Users\vi\Desktop\c3.vb6.pro\vbman\src\Tools\String\cToolsStr.cls(593,5): warning VB3003: assignment: 无法将 ? 隐式转换为 Byte
C:\Users\vi\Desktop\c3.vb6.pro\vbman\src\Tools\String\cToolsStr.cls(607,5): warning VB3001: 未声明的标识符: 'Randomize' (可能来自其他模块)
C:\Users\vi\Desktop\c3.vb6.pro\vbman\src\Tools\String\cToolsStr.cls(617,5): warning VB3003: assignment: 无法将 Byte 隐式转换为 ?
C:\Users\vi\Desktop\c3.vb6.pro\vbman\src\Tools\Math\cToolsMath.cls(32,5): warning VB3001: 未声明的标识符: 'Randomize' (可能来自其他模块)
C:\Users\vi\Desktop\c3.vb6.pro\vbman\src\Tools\Http\cToolsHttp.cls(390,17): warning VB3001: 未声明的标识符: 'ToolsArray' (可能来自其他模块)
C:\Users\vi\Desktop\c3.vb6.pro\vbman\src\Tools\Base64\cToolsBase64.cls(125,5): warning VB3003: assignment: 无法将 ? 隐式转换为 Byte
C:\Users\vi\Desktop\c3.vb6.pro\vbman\src\Tools\Base64\cToolsBase64.cls(132,5): warning VB3003: assignment: 无法将 ? 隐式转换为 Byte
C:\Users\vi\Desktop\c3.vb6.pro\vbman\src\Tools\Base64\cToolsBase64.cls(155,9): warning VB3003: assignment: 无法将 Byte 隐式转换为 ?
C:\Users\vi\Desktop\c3.vb6.pro\vbman\src\Tools\Base64\cToolsBase64.cls(273,5): warning VB3003: assignment: 无法将 Byte 隐式转换为 ?
C:\Users\vi\Desktop\c3.vb6.pro\vbman\src\Tools\Base64\cToolsBase64.cls(278,5): warning VB3001: 未声明的标识符: 'ToolsStream' (可能来自其他模块)
C:\Users\vi\Desktop\c3.vb6.pro\vbman\src\Tools\Base64\cToolsBase64.cls(287,28): warning VB3001: 未声明的标识符: 'ToolsStr' (可能来自其他模块)
C:\Users\vi\Desktop\c3.vb6.pro\vbman\src\Tools\Base64\cToolsBase64.cls(296,9): warning VB3001: 未声明的标识符: 'ToolsStream' (可能来自其他模块)
C:\Users\vi\Desktop\c3.vb6.pro\vbman\src\Tools\Utf8\cToolsUtf8.cls(61,9): warning VB3003: assignment: 无法将 Byte 隐式转换为 ?
C:\Users\vi\Desktop\c3.vb6.pro\vbman\src\Tools\Utf8\cToolsUtf8.cls(79,9): warning VB3003: assignment: 无法将 Byte 隐式转换为 ?
C:\Users\vi\Desktop\c3.vb6.pro\vbman\src\Lang\cLang.cls(99,12): warning VB3001: 未声明的标识符: 'Tools' (可能来自其他模块)
C:\Users\vi\Desktop\c3.vb6.pro\vbman\src\Lang\cLang.cls(119,12): warning VB3001: 未声明的标识符: 'IsIDE' (可能来自其他模块)
C:\Users\vi\Desktop\c3.vb6.pro\vbman\src\Lang\cLang.cls(151,8): warning VB3001: 未声明的标识符: 'IsIDE' (可能来自其他模块)
C:\Users\vi\Desktop\c3.vb6.pro\vbman\src\PLI\cPLI.cls(48,25): warning VB3001: 未声明的标识符: 'ToolsBase64' (可能来自其他模块)
C:\Users\vi\Desktop\c3.vb6.pro\vbman\src\PLI\cPLI.cls(62,15): warning VB3001: 未声明的标识符: 'ToolsStream' (可能来自其他模块)
C:\Users\vi\Desktop\c3.vb6.pro\vbman\src\QRcode\mQRcodeGen.bas(179,13): warning VB3003: assignment: 无法将 ? 隐式转换为 Byte
C:\Users\vi\Desktop\c3.vb6.pro\vbman\src\QRcode\mQRcodeGen.bas(221,13): warning VB3003: assignment: 无法将 String 隐式转换为 ?
C:\Users\vi\Desktop\c3.vb6.pro\vbman\src\QRcode\mQRcodeGen.bas(372,5): warning VB3003: assignment: 无法将 ? 隐式转换为 Long
C:\Users\vi\Desktop\c3.vb6.pro\vbman\src\QRcode\mQRcodeGen.bas(379,5): warning VB3003: assignment: 无法将 ? 隐式转换为 Long
C:\Users\vi\Desktop\c3.vb6.pro\vbman\src\QRcode\mQRcodeGen.bas(644,13): warning VB3003: assignment: 无法将 Byte 隐式转换为 ?
C:\Users\vi\Desktop\c3.vb6.pro\vbman\src\QRcode\mQRcodeGen.bas(657,5): warning VB3003: assignment: 无法将 Integer 隐式转换为 ?
C:\Users\vi\Desktop\c3.vb6.pro\vbman\src\QRcode\mQRcodeGen.bas(661,13): warning VB3003: assignment: 无法将 Byte 隐式转换为 ?
C:\Users\vi\Desktop\c3.vb6.pro\vbman\src\QRcode\mQRcodeGen.bas(681,9): warning VB3003: assignment: 无法将 Integer 隐式转换为 ?
C:\Users\vi\Desktop\c3.vb6.pro\vbman\src\QRcode\mQRcodeGen.bas(714,5): warning VB3003: assignment: 无法将 Long 隐式转换为 ?
C:\Users\vi\Desktop\c3.vb6.pro\vbman\src\QRcode\mQRcodeGen.bas(754,5): warning VB3003: assignment: 无法将 ? 隐式转换为 Long
C:\Users\vi\Desktop\c3.vb6.pro\vbman\src\QRcode\mQRcodeGen.bas(837,5): warning VB3003: assignment: 无法将 ? 隐式转换为 Long
C:\Users\vi\Desktop\c3.vb6.pro\vbman\src\QRcode\mQRcodeGen.bas(858,13): warning VB3003: assignment: 无法将 Long 隐式转换为 ?
C:\Users\vi\Desktop\c3.vb6.pro\vbman\src\QRcode\mQRcodeGen.bas(861,9): warning VB3003: assignment: 无法将 Integer 隐式转换为 ?
C:\Users\vi\Desktop\c3.vb6.pro\vbman\src\QRcode\mQRcodeGen.bas(888,5): warning VB3003: assignment: 无法将 ? 隐式转换为 Long
C:\Users\vi\Desktop\c3.vb6.pro\vbman\src\QRcode\mQRcodeGen.bas(921,5): warning VB3003: assignment: 无法将 ? 隐式转换为 Long
C:\Users\vi\Desktop\c3.vb6.pro\vbman\src\QRcode\mQRcodeGen.bas(962,5): warning VB3003: assignment: 无法将 ? 隐式转换为 Long
C:\Users\vi\Desktop\c3.vb6.pro\vbman\src\QRcode\mQRcodeGen.bas(1042,5): warning VB3003: assignment: 无法将 ? 隐式转换为 Long
C:\Users\vi\Desktop\c3.vb6.pro\vbman\src\QRcode\mQRcodeGen.bas(1066,5): warning VB3003: assignment: 无法将 Long 隐式转换为 ?
C:\Users\vi\Desktop\c3.vb6.pro\vbman\src\QRcode\mQRcodeGen.bas(1073,5): warning VB3003: assignment: 无法将 ? 隐式转换为 Long
C:\Users\vi\Desktop\c3.vb6.pro\vbman\src\QRcode\mQRcodeGen.bas(1084,5): warning VB3003: assignment: 无法将 ? 隐式转换为 Long
C:\Users\vi\Desktop\c3.vb6.pro\vbman\src\QRcode\mQRcodeGen.bas(1098,5): warning VB3003: assignment: 无法将 ? 隐式转换为 Long
C:\Users\vi\Desktop\c3.vb6.pro\vbman\src\QRcode\mQRcodeGen.bas(1160,5): warning VB3003: assignment: 无法将 Byte 隐式转换为 ?
C:\Users\vi\Desktop\c3.vb6.pro\vbman\src\QRcode\cQRcode.cls(27,61): warning VB3001: 未声明的标识符: 'QRCodegenEcc_LOW' (可能来自其他模块)
C:\Users\vi\Desktop\c3.vb6.pro\vbman\src\Collection\cCollection.cls(261,5): warning VB3003: assignment: 无法将 String 隐式转换为 ?
C:\Users\vi\Desktop\c3.vb6.pro\vbman\src\Collection\cCollection.cls(362,9): warning VB3003: assignment: 无法将 ? 隐式转换为 String
C:\Users\vi\Desktop\c3.vb6.pro\vbman\src\Collection\cCollection.cls(373,17): warning VB3003: assignment: 无法将 ? 隐式转换为 String
C:\Users\vi\Desktop\c3.vb6.pro\vbman\src\Collection\cCollection.cls(375,17): warning VB3003: assignment: 无法将 String 隐式转换为 ?
C:\Users\vi\Desktop\c3.vb6.pro\vbman\src\Collection\cCollection.cls(411,17): warning VB3003: assignment: 无法将 ? 隐式转换为 String
C:\Users\vi\Desktop\c3.vb6.pro\vbman\src\Collection\cCollection.cls(413,17): warning VB3003: assignment: 无法将 String 隐式转换为 ?
C:\Users\vi\Desktop\c3.vb6.pro\vbman\src\Collection\cCollection.cls(491,5): warning VB3003: assignment: 无法将 String 隐式转换为 ?
C:\Users\vi\Desktop\c3.vb6.pro\vbman\src\Winsock\cWinSock.cls(223,5): warning VB3003: assignment: 无法将 ? 隐式转换为 Byte
C:\Users\vi\Desktop\c3.vb6.pro\vbman\src\Winsock\cWinSock.cls(410,26): warning VB3001: 未声明的标识符: 'ppNone' (可能来自其他模块)
C:\Users\vi\Desktop\c3.vb6.pro\vbman\src\Winsock\cWinSock.cls(417,16): warning VB3001: 未声明的标识符: 'ppNone' (可能来自其他模块)
C:\Users\vi\Desktop\c3.vb6.pro\vbman\src\Winsock\cWinSock.cls(439,42): warning VB3001: 未声明的标识符: 'ppDelimiter' (可能来自其他模块)
C:\Users\vi\Desktop\c3.vb6.pro\vbman\src\Winsock\cWinSock.cls(456,42): warning VB3001: 未声明的标识符: 'ppFixedLength' (可能来自其他模块)
C:\Users\vi\Desktop\c3.vb6.pro\vbman\src\Winsock\cWinSock.cls(473,42): warning VB3001: 未声明的标识符: 'ppLengthHeader' (可能来自其他模块)
C:\Users\vi\Desktop\c3.vb6.pro\vbman\src\Winsock\cWinSock.cls(481,24): warning VB3001: 未声明的标识符: 'eeLittleEndian' (可能来自其他模块)
C:\Users\vi\Desktop\c3.vb6.pro\vbman\src\Winsock\cWinSock.cls(490,42): warning VB3001: 未声明的标识符: 'ppLengthHeader' (可能来自其他模块)
C:\Users\vi\Desktop\c3.vb6.pro\vbman\src\Winsock\cWinSock.cls(597,9): warning VB3003: assignment: 无法将 Byte 隐式转换为 ?
C:\Users\vi\Desktop\c3.vb6.pro\vbman\src\Winsock\cWinSock.cls(820,13): warning VB3003: assignment: 无法将 String 隐式转换为 ?
C:\Users\vi\Desktop\c3.vb6.pro\vbman\src\Winsock\cWinSock.cls(825,5): warning VB3003: assignment: 无法将 String 隐式转换为 ?
C:\Users\vi\Desktop\c3.vb6.pro\vbman\src\Winsock\cWinSock.cls(875,13): warning VB3003: assignment: 无法将 String 隐式转换为 ?
C:\Users\vi\Desktop\c3.vb6.pro\vbman\src\Winsock\cWinSock.cls(889,5): warning VB3003: assignment: 无法将 String 隐式转换为 ?
C:\Users\vi\Desktop\c3.vb6.pro\vbman\src\Winsock\cWinSock.cls(954,53): warning VB3001: 未声明的标识符: 'ucsSckStream' (可能来自其他模块)
C:\Users\vi\Desktop\c3.vb6.pro\vbman\src\Winsock\cWinSock.cls(954,67): warning VB3001: 未声明的标识符: 'ucsSckDatagram' (可能来自其他模块)
C:\Users\vi\Desktop\c3.vb6.pro\vbman\src\Winsock\cWinSock.cls(963,16): warning VB3001: 未声明的标识符: 'sckResolvingHost' (可能来自其他模块)
C:\Users\vi\Desktop\c3.vb6.pro\vbman\src\Winsock\cWinSock.cls(1000,53): warning VB3001: 未声明的标识符: 'ucsSckStream' (可能来自其他模块)
C:\Users\vi\Desktop\c3.vb6.pro\vbman\src\Winsock\cWinSock.cls(1000,67): warning VB3001: 未声明的标识符: 'ucsSckDatagram' (可能来自其他模块)
C:\Users\vi\Desktop\c3.vb6.pro\vbman\src\Winsock\cWinSock.cls(1038,16): warning VB3001: 未声明的标识符: 'sckListening' (可能来自其他模块)
C:\Users\vi\Desktop\c3.vb6.pro\vbman\src\Winsock\cWinSock.cls(1064,46): warning VB3001: 未声明的标识符: 'ppNone' (可能来自其他模块)
C:\Users\vi\Desktop\c3.vb6.pro\vbman\src\Winsock\cWinSock.cls(1236,5): warning VB3003: assignment: 无法将 Byte 隐式转换为 ?
C:\Users\vi\Desktop\c3.vb6.pro\vbman\src\Winsock\cWinSock.cls(1407,16): warning VB3001: 未声明的标识符: 'sckClosed' (可能来自其他模块)
C:\Users\vi\Desktop\c3.vb6.pro\vbman\src\Winsock\cWinSock.cls(1451,67): warning VB3001: 未声明的标识符: 'ucsSckDatagram' (可能来自其他模块)
C:\Users\vi\Desktop\c3.vb6.pro\vbman\src\Winsock\cWinSock.cls(1456,16): warning VB3001: 未声明的标识符: 'sckOpen' (可能来自其他模块)
C:\Users\vi\Desktop\c3.vb6.pro\vbman\src\Winsock\cWinSock.cls(1502,16): warning VB3001: 未声明的标识符: 'sckConnected' (可能来自其他模块)
C:\Users\vi\Desktop\c3.vb6.pro\vbman\src\Winsock\cWinSock.cls(1533,16): warning VB3001: 未声明的标识符: 'sckHostResolved' (可能来自其他模块)
C:\Users\vi\Desktop\c3.vb6.pro\vbman\src\Winsock\cWinSock.cls(1537,16): warning VB3001: 未声明的标识符: 'sckConnected' (可能来自其他模块)
C:\Users\vi\Desktop\c3.vb6.pro\vbman\src\Winsock\cWinSock.cls(1558,16): warning VB3001: 未声明的标识符: 'sckClosing' (可能来自其他模块)
C:\Users\vi\Desktop\c3.vb6.pro\vbman\src\Winsock\cWinSock.cls(1578,16): warning VB3001: 未声明的标识符: 'sckClosed' (可能来自其他模块)
C:\Users\vi\Desktop\c3.vb6.pro\vbman\src\Winsock\cWinSock.cls(1600,50): warning VB3001: 未声明的标识符: 'ppNone' (可能来自其他模块)
C:\Users\vi\Desktop\c3.vb6.pro\vbman\src\Winsock\cWinSock.cls(1603,22): warning VB3001: 未声明的标识符: 'ppDelimiter' (可能来自其他模块)
C:\Users\vi\Desktop\c3.vb6.pro\vbman\src\Winsock\cWinSock.cls(1605,22): warning VB3001: 未声明的标识符: 'ppFixedLength' (可能来自其他模块)
C:\Users\vi\Desktop\c3.vb6.pro\vbman\src\Winsock\cWinSock.cls(1607,22): warning VB3001: 未声明的标识符: 'ppLengthHeader' (可能来自其他模块)
C:\Users\vi\Desktop\c3.vb6.pro\vbman\src\Winsock\cWinSock.cls(1687,58): warning VB3001: 未声明的标识符: 'ppNone' (可能来自其他模块)
C:\Users\vi\Desktop\c3.vb6.pro\vbman\src\Winsock\cWinSock.cls(1690,30): warning VB3001: 未声明的标识符: 'ppDelimiter' (可能来自其他模块)
C:\Users\vi\Desktop\c3.vb6.pro\vbman\src\Winsock\cWinSock.cls(1692,30): warning VB3001: 未声明的标识符: 'ppFixedLength' (可能来自其他模块)
C:\Users\vi\Desktop\c3.vb6.pro\vbman\src\Winsock\cWinSock.cls(1694,30): warning VB3001: 未声明的标识符: 'ppLengthHeader' (可能来自其他模块)
C:\Users\vi\Desktop\c3.vb6.pro\vbman\src\Winsock\cWinSock.cls(1722,46): warning VB3001: 未声明的标识符: 'ppNone' (可能来自其他模块)
C:\Users\vi\Desktop\c3.vb6.pro\vbman\src\Winsock\cWinSock.cls(1761,58): warning VB3001: 未声明的标识符: 'ppNone' (可能来自其他模块)
C:\Users\vi\Desktop\c3.vb6.pro\vbman\src\Winsock\cWinSock.cls(1841,16): warning VB3001: 未声明的标识符: 'sckError' (可能来自其他模块)
C:\Users\vi\Desktop\c3.vb6.pro\vbman\src\Winsock\cWinSock.cls(1907,16): warning VB3001: 未声明的标识符: 'sckError' (可能来自其他模块)
C:\Users\vi\Desktop\c3.vb6.pro\vbman\src\Winsock\cWinSock.cls(1951,53): warning VB3001: 未声明的标识符: 'ucsSckStream' (可能来自其他模块)
C:\Users\vi\Desktop\c3.vb6.pro\vbman\src\Winsock\cWinSock.cls(1951,67): warning VB3001: 未声明的标识符: 'ucsSckDatagram' (可能来自其他模块)
C:\Users\vi\Desktop\c3.vb6.pro\vbman\src\Winsock\cWinSock.cls(1960,16): warning VB3001: 未声明的标识符: 'sckResolvingHost' (可能来自其他模块)
C:\Users\vi\Desktop\c3.vb6.pro\vbman\src\Winsock\cWinSock.cls(1971,20): warning VB3001: 未声明的标识符: 'sckConnected' (可能来自其他模块)
C:\Users\vi\Desktop\c3.vb6.pro\vbman\src\Websocket\cByteBuffer.cls(144,9): warning VB3003: assignment: 无法将 Byte 隐式转换为 ?
C:\Users\vi\Desktop\c3.vb6.pro\vbman\src\Websocket\cByteBuffer.cls(152,5): warning VB3003: assignment: 无法将 Byte 隐式转换为 ?
C:\Users\vi\Desktop\c3.vb6.pro\vbman\src\Websocket\cByteBuffer.cls(164,5): warning VB3003: assignment: 无法将 Byte 隐式转换为 ?
C:\Users\vi\Desktop\c3.vb6.pro\vbman\src\Websocket\cWebSocketClient.cls(142,19): warning VB3001: 未声明的标识符: 'WS_STATE_CLOSED' (可能来自其他模块)
C:\Users\vi\Desktop\c3.vb6.pro\vbman\src\Websocket\cWebSocketClient.cls(165,15): warning VB3001: 未声明的标识符: 'WS_STATE_CONNECTING' (可能来自其他模块)
C:\Users\vi\Desktop\c3.vb6.pro\vbman\src\Websocket\cWebSocketClient.cls(169,25): warning VB3001: 未声明的标识符: 'wskTCPProtocol' (可能来自其他模块)
C:\Users\vi\Desktop\c3.vb6.pro\vbman\src\Websocket\cWebSocketClient.cls(180,15): warning VB3001: 未声明的标识符: 'WS_STATE_CLOSED' (可能来自其他模块)
C:\Users\vi\Desktop\c3.vb6.pro\vbman\src\Websocket\cWebSocketClient.cls(189,18): warning VB3001: 未声明的标识符: 'WS_STATE_CLOSED' (可能来自其他模块)
C:\Users\vi\Desktop\c3.vb6.pro\vbman\src\Websocket\cWebSocketClient.cls(192,18): warning VB3001: 未声明的标识符: 'WS_STATE_OPEN' (可能来自其他模块)
C:\Users\vi\Desktop\c3.vb6.pro\vbman\src\Websocket\cWebSocketClient.cls(193,19): warning VB3001: 未声明的标识符: 'WS_STATE_CLOSING' (可能来自其他模块)
C:\Users\vi\Desktop\c3.vb6.pro\vbman\src\Websocket\cWebSocketClient.cls(204,15): warning VB3001: 未声明的标识符: 'WS_STATE_CLOSED' (可能来自其他模块)
C:\Users\vi\Desktop\c3.vb6.pro\vbman\src\Websocket\cWebSocketClient.cls(219,19): warning VB3001: 未声明的标识符: 'WS_STATE_OPEN' (可能来自其他模块)
C:\Users\vi\Desktop\c3.vb6.pro\vbman\src\Websocket\cWebSocketClient.cls(237,19): warning VB3001: 未声明的标识符: 'WS_STATE_OPEN' (可能来自其他模块)
C:\Users\vi\Desktop\c3.vb6.pro\vbman\src\Websocket\cWebSocketClient.cls(255,19): warning VB3001: 未声明的标识符: 'WS_STATE_OPEN' (可能来自其他模块)
C:\Users\vi\Desktop\c3.vb6.pro\vbman\src\Websocket\cWebSocketClient.cls(371,59): warning VB3001: 未声明的标识符: 'WS_VERSION' (可能来自其他模块)
C:\Users\vi\Desktop\c3.vb6.pro\vbman\src\Websocket\cWebSocketClient.cls(379,35): warning VB3001: 未声明的标识符: 'wcpUtf8' (可能来自其他模块)
C:\Users\vi\Desktop\c3.vb6.pro\vbman\src\Websocket\cWebSocketClient.cls(430,18): warning VB3001: 未声明的标识符: 'WS_OPCODE_TEXT' (可能来自其他模块)
C:\Users\vi\Desktop\c3.vb6.pro\vbman\src\Websocket\cWebSocketClient.cls(430,34): warning VB3001: 未声明的标识符: 'WS_OPCODE_BINARY' (可能来自其他模块)
C:\Users\vi\Desktop\c3.vb6.pro\vbman\src\Websocket\cWebSocketClient.cls(433,18): warning VB3001: 未声明的标识符: 'WS_OPCODE_CONTINUATION' (可能来自其他模块)
C:\Users\vi\Desktop\c3.vb6.pro\vbman\src\Websocket\cWebSocketClient.cls(436,18): warning VB3001: 未声明的标识符: 'WS_OPCODE_CLOSE' (可能来自其他模块)
C:\Users\vi\Desktop\c3.vb6.pro\vbman\src\Websocket\cWebSocketClient.cls(439,18): warning VB3001: 未声明的标识符: 'WS_OPCODE_PING' (可能来自其他模块)
C:\Users\vi\Desktop\c3.vb6.pro\vbman\src\Websocket\cWebSocketClient.cls(442,18): warning VB3001: 未声明的标识符: 'WS_OPCODE_PONG' (可能来自其他模块)
C:\Users\vi\Desktop\c3.vb6.pro\vbman\src\Websocket\cWebSocketClient.cls(507,17): warning VB3001: 未声明的标识符: 'WS_OPCODE_TEXT' (可能来自其他模块)
C:\Users\vi\Desktop\c3.vb6.pro\vbman\src\Websocket\cWebSocketClient.cls(535,17): warning VB3003: assignment: 无法将 ? 隐式转换为 Byte
C:\Users\vi\Desktop\c3.vb6.pro\vbman\src\Websocket\cWebSocketClient.cls(540,17): warning VB3001: 未声明的标识符: 'WS_CLOSE_NO_STATUS' (可能来自其他模块)
C:\Users\vi\Desktop\c3.vb6.pro\vbman\src\Websocket\cWebSocketClient.cls(586,18): warning VB3001: 未声明的标识符: 'WS_STATE_CONNECTING' (可能来自其他模块)
C:\Users\vi\Desktop\c3.vb6.pro\vbman\src\Websocket\cWebSocketClient.cls(588,43): warning VB3001: 未声明的标识符: 'wcpUtf8' (可能来自其他模块)
C:\Users\vi\Desktop\c3.vb6.pro\vbman\src\Websocket\cWebSocketClient.cls(591,23): warning VB3001: 未声明的标识符: 'WS_STATE_OPEN' (可能来自其他模块)
C:\Users\vi\Desktop\c3.vb6.pro\vbman\src\Websocket\cWebSocketClient.cls(595,23): warning VB3001: 未声明的标识符: 'WS_STATE_CLOSED' (可能来自其他模块)
C:\Users\vi\Desktop\c3.vb6.pro\vbman\src\Websocket\cWebSocketClient.cls(600,22): warning VB3001: 未声明的标识符: 'WS_STATE_OPEN' (可能来自其他模块)
C:\Users\vi\Desktop\c3.vb6.pro\vbman\src\Websocket\cWebSocketClient.cls(600,49): warning VB3001: 未声明的标识符: 'WS_STATE_CLOSING' (可能来自其他模块)
C:\Users\vi\Desktop\c3.vb6.pro\vbman\src\Websocket\cWebSocketClient.cls(619,19): warning VB3001: 未声明的标识符: 'WS_STATE_CLOSED' (可能来自其他模块)
C:\Users\vi\Desktop\c3.vb6.pro\vbman\src\Websocket\cWebSocketClient.cls(620,19): warning VB3001: 未声明的标识符: 'WS_STATE_CLOSED' (可能来自其他模块)
C:\Users\vi\Desktop\c3.vb6.pro\vbman\src\Websocket\cWebSocketClient.cls(626,15): warning VB3001: 未声明的标识符: 'WS_STATE_CLOSED' (可能来自其他模块)
C:\Users\vi\Desktop\c3.vb6.pro\vbman\src\Websocket\cWebSocketClient.cls(637,15): warning VB3001: 未声明的标识符: 'WS_STATE_CLOSED' (可能来自其他模块)
C:\Users\vi\Desktop\c3.vb6.pro\vbman\src\Websocket\cWebSocketClient.cls(648,21): warning VB3001: 未声明的标识符: 'WS_CLOSE_GOING_AWAY' (可能来自其他模块)
C:\Users\vi\Desktop\c3.vb6.pro\vbman\src\Websocket\cWebSocketFrame.cls(107,35): warning VB3001: 未声明的标识符: 'WS_OPCODE_CLOSE' (可能来自其他模块)
C:\Users\vi\Desktop\c3.vb6.pro\vbman\src\Websocket\cWebSocketFrame.cls(112,32): warning VB3001: 未声明的标识符: 'WS_OPCODE_BINARY' (可能来自其他模块)
C:\Users\vi\Desktop\c3.vb6.pro\vbman\src\Websocket\cWebSocketFrame.cls(229,9): warning VB3003: assignment: 无法将 Byte 隐式转换为 ?
C:\Users\vi\Desktop\c3.vb6.pro\vbman\src\Websocket\cWebSocketFrame.cls(234,9): warning VB3003: assignment: 无法将 Byte 隐式转换为 ?
C:\Users\vi\Desktop\c3.vb6.pro\vbman\src\Websocket\cWebSocketFrame.cls(254,5): warning VB3003: assignment: 无法将 Byte 隐式转换为 ?
C:\Users\vi\Desktop\c3.vb6.pro\vbman\src\Websocket\cWebSocketFrame.cls(369,5): warning VB3003: assignment: 无法将 Byte 隐式转换为 ?
C:\Users\vi\Desktop\c3.vb6.pro\vbman\src\Websocket\cWebSocketFrame.cls(377,44): warning VB3001: 未声明的标识符: 'WS_OPCODE_TEXT' (可能来自其他模块)
C:\Users\vi\Desktop\c3.vb6.pro\vbman\src\Websocket\cWebSocketFrame.cls(383,41): warning VB3001: 未声明的标识符: 'WS_OPCODE_BINARY' (可能来自其他模块)
C:\Users\vi\Desktop\c3.vb6.pro\vbman\src\Websocket\cWebSocketFrame.cls(411,45): warning VB3001: 未声明的标识符: 'WS_OPCODE_CLOSE' (可能来自其他模块)
C:\Users\vi\Desktop\c3.vb6.pro\vbman\src\Websocket\cWebSocketFrame.cls(420,46): warning VB3001: 未声明的标识符: 'WS_OPCODE_PING' (可能来自其他模块)
C:\Users\vi\Desktop\c3.vb6.pro\vbman\src\Websocket\cWebSocketFrame.cls(422,46): warning VB3001: 未声明的标识符: 'WS_OPCODE_PING' (可能来自其他模块)
C:\Users\vi\Desktop\c3.vb6.pro\vbman\src\Websocket\cWebSocketFrame.cls(432,46): warning VB3001: 未声明的标识符: 'WS_OPCODE_PONG' (可能来自其他模块)
C:\Users\vi\Desktop\c3.vb6.pro\vbman\src\Websocket\cWebSocketFrame.cls(434,46): warning VB3001: 未声明的标识符: 'WS_OPCODE_PONG' (可能来自其他模块)
C:\Users\vi\Desktop\c3.vb6.pro\vbman\src\Websocket\cWebSocketFrame.cls(447,16): warning VB3001: 未声明的标识符: 'WS_OPCODE_CONTINUATION' (可能来自其他模块)
C:\Users\vi\Desktop\c3.vb6.pro\vbman\src\Websocket\cWebSocketServer.cls(190,31): warning VB3001: 未声明的标识符: 'wskTCPProtocol' (可能来自其他模块)
C:\Users\vi\Desktop\c3.vb6.pro\vbman\src\Websocket\cWebSocketServer.cls(225,31): warning VB3001: 未声明的标识符: 'WS_CLOSE_GOING_AWAY' (可能来自其他模块)
C:\Users\vi\Desktop\c3.vb6.pro\vbman\src\Websocket\cWebSocketServer.cls(263,28): warning VB3001: 未声明的标识符: 'WS_CLIENT_CONNECTED' (可能来自其他模块)
C:\Users\vi\Desktop\c3.vb6.pro\vbman\src\Websocket\cWebSocketServer.cls(281,28): warning VB3001: 未声明的标识符: 'WS_CLIENT_CONNECTED' (可能来自其他模块)
C:\Users\vi\Desktop\c3.vb6.pro\vbman\src\Websocket\cWebSocketServer.cls(302,28): warning VB3001: 未声明的标识符: 'WS_CLIENT_CONNECTED' (可能来自其他模块)
C:\Users\vi\Desktop\c3.vb6.pro\vbman\src\Websocket\cWebSocketServer.cls(321,28): warning VB3001: 未声明的标识符: 'WS_CLIENT_CONNECTED' (可能来自其他模块)
C:\Users\vi\Desktop\c3.vb6.pro\vbman\src\Websocket\cWebSocketServer.cls(417,39): warning VB3001: 未声明的标识符: 'wcpUtf8' (可能来自其他模块)
C:\Users\vi\Desktop\c3.vb6.pro\vbman\src\Websocket\cWebSocketServer.cls(454,18): warning VB3001: 未声明的标识符: 'WS_OPCODE_TEXT' (可能来自其他模块)
C:\Users\vi\Desktop\c3.vb6.pro\vbman\src\Websocket\cWebSocketServer.cls(454,34): warning VB3001: 未声明的标识符: 'WS_OPCODE_BINARY' (可能来自其他模块)
C:\Users\vi\Desktop\c3.vb6.pro\vbman\src\Websocket\cWebSocketServer.cls(457,18): warning VB3001: 未声明的标识符: 'WS_OPCODE_CONTINUATION' (可能来自其他模块)
C:\Users\vi\Desktop\c3.vb6.pro\vbman\src\Websocket\cWebSocketServer.cls(460,18): warning VB3001: 未声明的标识符: 'WS_OPCODE_CLOSE' (可能来自其他模块)
C:\Users\vi\Desktop\c3.vb6.pro\vbman\src\Websocket\cWebSocketServer.cls(463,18): warning VB3001: 未声明的标识符: 'WS_OPCODE_PING' (可能来自其他模块)
C:\Users\vi\Desktop\c3.vb6.pro\vbman\src\Websocket\cWebSocketServer.cls(466,18): warning VB3001: 未声明的标识符: 'WS_OPCODE_PONG' (可能来自其他模块)
C:\Users\vi\Desktop\c3.vb6.pro\vbman\src\Websocket\cWebSocketServer.cls(534,17): warning VB3001: 未声明的标识符: 'WS_OPCODE_TEXT' (可能来自其他模块)
C:\Users\vi\Desktop\c3.vb6.pro\vbman\src\Websocket\cWebSocketServer.cls(559,13): warning VB3003: assignment: 无法将 ? 隐式转换为 Byte
C:\Users\vi\Desktop\c3.vb6.pro\vbman\src\Websocket\cWebSocketServer.cls(602,21): warning VB3001: 未声明的标识符: 'WS_CLIENT_PENDING' (可能来自其他模块)
C:\Users\vi\Desktop\c3.vb6.pro\vbman\src\Websocket\cWebSocketServer.cls(627,24): warning VB3001: 未声明的标识符: 'WS_CLIENT_PENDING' (可能来自其他模块)
C:\Users\vi\Desktop\c3.vb6.pro\vbman\src\Websocket\cWebSocketServer.cls(629,43): warning VB3001: 未声明的标识符: 'wcpUtf8' (可能来自其他模块)
C:\Users\vi\Desktop\c3.vb6.pro\vbman\src\Websocket\cWebSocketServer.cls(632,29): warning VB3001: 未声明的标识符: 'WS_CLIENT_CONNECTED' (可能来自其他模块)
C:\Users\vi\Desktop\c3.vb6.pro\vbman\src\Websocket\cWebSocketServer.cls(641,28): warning VB3001: 未声明的标识符: 'WS_CLIENT_CONNECTED' (可能来自其他模块)
C:\Users\vi\Desktop\c3.vb6.pro\vbman\src\Websocket\mWebSocketUtils.bas(108,9): warning VB3003: assignment: 无法将 Byte 隐式转换为 ?
C:\Users\vi\Desktop\c3.vb6.pro\vbman\src\Websocket\mWebSocketUtils.bas(121,9): warning VB3003: assignment: 无法将 Byte 隐式转换为 ?
C:\Users\vi\Desktop\c3.vb6.pro\vbman\src\Websocket\mWebSocketUtils.bas(253,5): warning VB3003: assignment: 无法将 Byte 隐式转换为 ?
C:\Users\vi\Desktop\c3.vb6.pro\vbman\src\Websocket\mWebSocketUtils.bas(259,5): warning VB3003: assignment: 无法将 Byte 隐式转换为 ?
C:\Users\vi\Desktop\c3.vb6.pro\vbman\src\Websocket\mWebSocketUtils.bas(287,5): warning VB3003: assignment: 无法将 ? 隐式转换为 Byte
C:\Users\vi\Desktop\c3.vb6.pro\vbman\src\Websocket\mWebSocketUtils.bas(329,10): warning VB3001: 未声明的标识符: 'WS_CLOSE_NORMAL' (可能来自其他模块)
C:\Users\vi\Desktop\c3.vb6.pro\vbman\src\Websocket\mWebSocketUtils.bas(330,10): warning VB3001: 未声明的标识符: 'WS_CLOSE_GOING_AWAY' (可能来自其他模块)
C:\Users\vi\Desktop\c3.vb6.pro\vbman\src\Websocket\mWebSocketUtils.bas(331,10): warning VB3001: 未声明的标识符: 'WS_CLOSE_PROTOCOL_ERROR' (可能来自其他模块)
C:\Users\vi\Desktop\c3.vb6.pro\vbman\src\Websocket\mWebSocketUtils.bas(332,10): warning VB3001: 未声明的标识符: 'WS_CLOSE_UNSUPPORTED_DATA' (可能来自其他模块)
C:\Users\vi\Desktop\c3.vb6.pro\vbman\src\Websocket\mWebSocketUtils.bas(333,10): warning VB3001: 未声明的标识符: 'WS_CLOSE_NO_STATUS' (可能来自其他模块)
C:\Users\vi\Desktop\c3.vb6.pro\vbman\src\Websocket\mWebSocketUtils.bas(334,10): warning VB3001: 未声明的标识符: 'WS_CLOSE_ABNORMAL' (可能来自其他模块)
C:\Users\vi\Desktop\c3.vb6.pro\vbman\src\Websocket\mWebSocketUtils.bas(335,10): warning VB3001: 未声明的标识符: 'WS_CLOSE_INVALID_DATA' (可能来自其他模块)
C:\Users\vi\Desktop\c3.vb6.pro\vbman\src\Websocket\mWebSocketUtils.bas(336,10): warning VB3001: 未声明的标识符: 'WS_CLOSE_POLICY_VIOLATION' (可能来自其他模块)
C:\Users\vi\Desktop\c3.vb6.pro\vbman\src\Websocket\mWebSocketUtils.bas(337,10): warning VB3001: 未声明的标识符: 'WS_CLOSE_MESSAGE_TOO_BIG' (可能来自其他模块)
C:\Users\vi\Desktop\c3.vb6.pro\vbman\src\Websocket\mWebSocketUtils.bas(338,10): warning VB3001: 未声明的标识符: 'WS_CLOSE_MANDATORY_EXT' (可能来自其他模块)
C:\Users\vi\Desktop\c3.vb6.pro\vbman\src\Websocket\mWebSocketUtils.bas(339,10): warning VB3001: 未声明的标识符: 'WS_CLOSE_INTERNAL_ERROR' (可能来自其他模块)
C:\Users\vi\Desktop\c3.vb6.pro\vbman\src\Websocket\mWebSocketUtils.bas(340,10): warning VB3001: 未声明的标识符: 'WS_CLOSE_SERVICE_RESTART' (可能来自其他模块)
C:\Users\vi\Desktop\c3.vb6.pro\vbman\src\Websocket\mWebSocketUtils.bas(341,10): warning VB3001: 未声明的标识符: 'WS_CLOSE_TRY_AGAIN' (可能来自其他模块)
C:\Users\vi\Desktop\c3.vb6.pro\vbman\src\Websocket\cWebSocketUtils.cls(120,9): warning VB3003: assignment: 无法将 Byte 隐式转换为 ?
C:\Users\vi\Desktop\c3.vb6.pro\vbman\src\Websocket\cWebSocketUtils.cls(133,9): warning VB3003: assignment: 无法将 Byte 隐式转换为 ?
C:\Users\vi\Desktop\c3.vb6.pro\vbman\src\Websocket\cWebSocketUtils.cls(265,5): warning VB3003: assignment: 无法将 Byte 隐式转换为 ?
C:\Users\vi\Desktop\c3.vb6.pro\vbman\src\Websocket\cWebSocketUtils.cls(271,5): warning VB3003: assignment: 无法将 Byte 隐式转换为 ?
C:\Users\vi\Desktop\c3.vb6.pro\vbman\src\Websocket\cWebSocketUtils.cls(299,5): warning VB3003: assignment: 无法将 ? 隐式转换为 Byte
C:\Users\vi\Desktop\c3.vb6.pro\vbman\src\Regedit\cRegedit.cls(40,9): warning VB3003: assignment: 无法将 UserDefinedType 隐式转换为 ?
C:\Users\vi\Desktop\c3.vb6.pro\vbman\src\Regedit\cRegedit.cls(64,5): warning VB3003: assignment: 无法将 UserDefinedType 隐式转换为 ?
C:\Users\vi\Desktop\c3.vb6.pro\vbman\src\Regedit\cRegedit.cls(117,5): warning VB3003: assignment: 无法将 ? 隐式转换为 UserDefinedType
C:\Users\vi\Desktop\c3.vb6.pro\vbman\src\Regedit\cRegedit.cls(127,5): warning VB3003: assignment: 无法将 ? 隐式转换为 UserDefinedType
C:\Users\vi\Desktop\c3.vb6.pro\vbman\src\Modbus\cModbusTransportTCP.cls(185,33): warning VB3001: 未声明的标识符: 'MODBUS_TCP_PORT' (可能来自其他模块)
C:\Users\vi\Desktop\c3.vb6.pro\vbman\src\Modbus\cModbusTransportTCP.cls(191,25): warning VB3001: 未声明的标识符: 'wskTCPProtocol' (可能来自其他模块)
C:\Users\vi\Desktop\c3.vb6.pro\vbman\src\Modbus\cModbusTransportTCP.cls(238,40): warning VB3001: 未声明的标识符: 'MODBUS_TCP_MBAP_SIZE' (可能来自其他模块)
C:\Users\vi\Desktop\c3.vb6.pro\vbman\src\Modbus\cModbusTransportTCP.cls(250,67): warning VB3001: 未声明的标识符: 'MODBUS_TCP_MBAP_SIZE' (可能来自其他模块)
C:\Users\vi\Desktop\c3.vb6.pro\vbman\src\Modbus\cModbusTransportTCP.cls(252,21): warning VB3003: assignment: 无法将 Byte 隐式转换为 ?
C:\Users\vi\Desktop\c3.vb6.pro\vbman\src\Modbus\cModbusTransportTCP.cls(308,33): warning VB3001: 未声明的标识符: 'MODBUS_TCP_PORT' (可能来自其他模块)
C:\Users\vi\Desktop\c3.vb6.pro\vbman\src\Modbus\cModbusTransportTCP.cls(319,31): warning VB3001: 未声明的标识符: 'wskTCPProtocol' (可能来自其他模块)
C:\Users\vi\Desktop\c3.vb6.pro\vbman\src\Modbus\cModbusTransportTCP.cls(403,19): warning VB3001: 未声明的标识符: 'MODBUS_TCP_MBAP_SIZE' (可能来自其他模块)
C:\Users\vi\Desktop\c3.vb6.pro\vbman\src\Modbus\cModbusTransportTCP.cls(421,31): warning VB3001: 未声明的标识符: 'MODBUS_TCP_MBAP_SIZE' (可能来自其他模块)
C:\Users\vi\Desktop\c3.vb6.pro\vbman\src\Modbus\cModbusTransportTCP.cls(423,5): warning VB3003: assignment: 无法将 Byte 隐式转换为 ?
C:\Users\vi\Desktop\c3.vb6.pro\vbman\src\Modbus\cModbusTransportTCP.cls(597,14): warning VB3001: 未声明的标识符: 'MODBUS_TCP_PORT' (可能来自其他模块)
C:\Users\vi\Desktop\c3.vb6.pro\vbman\src\Modbus\cModbusTransportTCP.cls(599,17): warning VB3001: 未声明的标识符: 'MODBUS_DEFAULT_TIMEOUT' (可能来自其他模块)
C:\Users\vi\Desktop\c3.vb6.pro\vbman\src\Modbus\mModbus.bas(177,9): warning VB3003: assignment: 无法将 ? 隐式转换为 Byte
C:\Users\vi\Desktop\c3.vb6.pro\vbman\src\Modbus\mModbus.bas(199,5): warning VB3003: assignment: 无法将 Long 隐式转换为 ?
C:\Users\vi\Desktop\c3.vb6.pro\vbman\src\Modbus\mModbus.bas(200,5): warning VB3003: assignment: 无法将 Long 隐式转换为 ?
C:\Users\vi\Desktop\c3.vb6.pro\vbman\src\Modbus\_bak\cModbusSlave.cls(759,13): warning VB3003: assignment: 无法将 ? 隐式转换为 Byte
C:\Users\vi\Desktop\c3.vb6.pro\vbman\src\Modbus\_bak\cModbusSlave.cls(812,5): warning VB3003: assignment: 无法将 ? 隐式转换为 Byte
C:\Users\vi\Desktop\c3.vb6.pro\vbman\src\Modbus\_bak\cModbusSlave.cls(820,5): warning VB3003: assignment: 无法将 Byte 隐式转换为 ?
C:\Users\vi\Desktop\c3.vb6.pro\vbman\src\Modbus\_bak\cModbusSlave.cls(836,31): warning VB3001: 未声明的标识符: 'wskTCPProtocol' (可能来自其他模块)
C:\Users\vi\Desktop\c3.vb6.pro\vbman\src\Modbus\_bak\cModbusSlave.cls(928,9): warning VB3003: assignment: 无法将 ? 隐式转换为 Byte
C:\Users\vi\Desktop\c3.vb6.pro\vbman\src\Modbus\_bak\cModbusSlave.cls(935,9): warning VB3003: assignment: 无法将 ? 隐式转换为 Byte
C:\Users\vi\Desktop\c3.vb6.pro\vbman\src\Modbus\_bak\cModbusSlave.cls(938,9): warning VB3003: assignment: 无法将 ? 隐式转换为 Byte
C:\Users\vi\Desktop\c3.vb6.pro\vbman\src\Modbus\_bak\cModbusSlave.cls(939,9): warning VB3003: assignment: 无法将 ? 隐式转换为 Byte
C:\Users\vi\Desktop\c3.vb6.pro\vbman\src\Modbus\_bak\cModbusSlave.cls(950,13): warning VB3003: assignment: 无法将 ? 隐式转换为 Byte
C:\Users\vi\Desktop\c3.vb6.pro\vbman\src\Modbus\_bak\cModbusSlave.cls(952,13): warning VB3003: assignment: 无法将 ? 隐式转换为 Byte
C:\Users\vi\Desktop\c3.vb6.pro\vbman\src\Modbus\_bak\cModbusSlave.cls(954,13): warning VB3003: assignment: 无法将 ? 隐式转换为 Byte
C:\Users\vi\Desktop\c3.vb6.pro\vbman\src\Modbus\_bak\cModbusSlave.cls(956,13): warning VB3003: assignment: 无法将 ? 隐式转换为 Byte
C:\Users\vi\Desktop\c3.vb6.pro\vbman\src\Modbus\_bak\cModbusSlave.cls(958,13): warning VB3003: assignment: 无法将 ? 隐式转换为 Byte
C:\Users\vi\Desktop\c3.vb6.pro\vbman\src\Modbus\_bak\cModbusSlave.cls(960,13): warning VB3003: assignment: 无法将 ? 隐式转换为 Byte
C:\Users\vi\Desktop\c3.vb6.pro\vbman\src\Modbus\_bak\cModbusSlave.cls(962,13): warning VB3003: assignment: 无法将 ? 隐式转换为 Byte
C:\Users\vi\Desktop\c3.vb6.pro\vbman\src\Modbus\_bak\cModbusSlave.cls(964,13): warning VB3003: assignment: 无法将 ? 隐式转换为 Byte
C:\Users\vi\Desktop\c3.vb6.pro\vbman\src\Modbus\_bak\cModbusSlave.cls(966,13): warning VB3003: assignment: 无法将 ? 隐式转换为 Byte
C:\Users\vi\Desktop\c3.vb6.pro\vbman\src\Modbus\_bak\cModbusSlave.cls(969,5): warning VB3003: assignment: 无法将 Byte 隐式转换为 ?
C:\Users\vi\Desktop\c3.vb6.pro\vbman\src\Modbus\_bak\cModbusSlave.cls(1021,9): warning VB3003: assignment: 无法将 ? 隐式转换为 Byte
C:\Users\vi\Desktop\c3.vb6.pro\vbman\src\Modbus\_bak\cModbusSlave.cls(1054,5): warning VB3003: assignment: 无法将 Byte 隐式转换为 ?
C:\Users\vi\Desktop\c3.vb6.pro\vbman\src\Modbus\_bak\cModbusSlave.cls(1101,9): warning VB3003: assignment: 无法将 ? 隐式转换为 Byte
C:\Users\vi\Desktop\c3.vb6.pro\vbman\src\Modbus\_bak\cModbusSlave.cls(1132,5): warning VB3003: assignment: 无法将 Byte 隐式转换为 ?
C:\Users\vi\Desktop\c3.vb6.pro\vbman\src\Modbus\_bak\cModbusSlave.cls(1178,9): warning VB3003: assignment: 无法将 ? 隐式转换为 Byte
C:\Users\vi\Desktop\c3.vb6.pro\vbman\src\Modbus\_bak\cModbusSlave.cls(1212,5): warning VB3003: assignment: 无法将 Byte 隐式转换为 ?
C:\Users\vi\Desktop\c3.vb6.pro\vbman\src\Modbus\_bak\cModbusSlave.cls(1258,9): warning VB3003: assignment: 无法将 ? 隐式转换为 Byte
C:\Users\vi\Desktop\c3.vb6.pro\vbman\src\Modbus\_bak\cModbusSlave.cls(1292,5): warning VB3003: assignment: 无法将 Byte 隐式转换为 ?
C:\Users\vi\Desktop\c3.vb6.pro\vbman\src\Modbus\_bak\cModbusSlave.cls(1323,5): warning VB3003: assignment: 无法将 ? 隐式转换为 Byte
C:\Users\vi\Desktop\c3.vb6.pro\vbman\src\Modbus\_bak\cModbusSlave.cls(1340,9): warning VB3003: assignment: 无法将 ? 隐式转换为 Byte
C:\Users\vi\Desktop\c3.vb6.pro\vbman\src\Modbus\_bak\cModbusSlave.cls(1342,9): warning VB3003: assignment: 无法将 ? 隐式转换为 Byte
C:\Users\vi\Desktop\c3.vb6.pro\vbman\src\Modbus\_bak\cModbusSlave.cls(1343,9): warning VB3003: assignment: 无法将 ? 隐式转换为 Byte
C:\Users\vi\Desktop\c3.vb6.pro\vbman\src\Modbus\_bak\cModbusSlave.cls(1344,9): warning VB3003: assignment: 无法将 ? 隐式转换为 Byte
C:\Users\vi\Desktop\c3.vb6.pro\vbman\src\Modbus\_bak\cModbusSlave.cls(1345,9): warning VB3003: assignment: 无法将 ? 隐式转换为 Byte
C:\Users\vi\Desktop\c3.vb6.pro\vbman\src\Modbus\_bak\cModbusSlave.cls(1350,9): warning VB3003: assignment: 无法将 ? 隐式转换为 Byte
C:\Users\vi\Desktop\c3.vb6.pro\vbman\src\Modbus\_bak\cModbusSlave.cls(1351,9): warning VB3003: assignment: 无法将 ? 隐式转换为 Byte
C:\Users\vi\Desktop\c3.vb6.pro\vbman\src\Modbus\_bak\cModbusSlave.cls(1352,9): warning VB3003: assignment: 无法将 ? 隐式转换为 Byte
C:\Users\vi\Desktop\c3.vb6.pro\vbman\src\Modbus\_bak\cModbusSlave.cls(1353,9): warning VB3003: assignment: 无法将 ? 隐式转换为 Byte
C:\Users\vi\Desktop\c3.vb6.pro\vbman\src\Modbus\_bak\cModbusSlave.cls(1363,5): warning VB3003: assignment: 无法将 Byte 隐式转换为 ?
C:\Users\vi\Desktop\c3.vb6.pro\vbman\src\Modbus\_bak\cModbusSlave.cls(1408,9): warning VB3003: assignment: 无法将 ? 隐式转换为 Byte
C:\Users\vi\Desktop\c3.vb6.pro\vbman\src\Modbus\_bak\cModbusSlave.cls(1410,9): warning VB3003: assignment: 无法将 ? 隐式转换为 Byte
C:\Users\vi\Desktop\c3.vb6.pro\vbman\src\Modbus\_bak\cModbusSlave.cls(1411,9): warning VB3003: assignment: 无法将 ? 隐式转换为 Byte
C:\Users\vi\Desktop\c3.vb6.pro\vbman\src\Modbus\_bak\cModbusSlave.cls(1412,9): warning VB3003: assignment: 无法将 ? 隐式转换为 Byte
C:\Users\vi\Desktop\c3.vb6.pro\vbman\src\Modbus\_bak\cModbusSlave.cls(1413,9): warning VB3003: assignment: 无法将 ? 隐式转换为 Byte
C:\Users\vi\Desktop\c3.vb6.pro\vbman\src\Modbus\_bak\cModbusSlave.cls(1418,9): warning VB3003: assignment: 无法将 ? 隐式转换为 Byte
C:\Users\vi\Desktop\c3.vb6.pro\vbman\src\Modbus\_bak\cModbusSlave.cls(1419,9): warning VB3003: assignment: 无法将 ? 隐式转换为 Byte
C:\Users\vi\Desktop\c3.vb6.pro\vbman\src\Modbus\_bak\cModbusSlave.cls(1420,9): warning VB3003: assignment: 无法将 ? 隐式转换为 Byte
C:\Users\vi\Desktop\c3.vb6.pro\vbman\src\Modbus\_bak\cModbusSlave.cls(1421,9): warning VB3003: assignment: 无法将 ? 隐式转换为 Byte
C:\Users\vi\Desktop\c3.vb6.pro\vbman\src\Modbus\_bak\cModbusSlave.cls(1431,5): warning VB3003: assignment: 无法将 Byte 隐式转换为 ?
C:\Users\vi\Desktop\c3.vb6.pro\vbman\src\Modbus\_bak\cModbusSlave.cls(1462,5): warning VB3003: assignment: 无法将 ? 隐式转换为 Long
C:\Users\vi\Desktop\c3.vb6.pro\vbman\src\Modbus\_bak\cModbusSlave.cls(1478,9): warning VB3003: assignment: 无法将 ? 隐式转换为 Byte
C:\Users\vi\Desktop\c3.vb6.pro\vbman\src\Modbus\_bak\cModbusSlave.cls(1488,9): warning VB3003: assignment: 无法将 ? 隐式转换为 Byte
C:\Users\vi\Desktop\c3.vb6.pro\vbman\src\Modbus\_bak\cModbusSlave.cls(1490,9): warning VB3003: assignment: 无法将 ? 隐式转换为 Byte
C:\Users\vi\Desktop\c3.vb6.pro\vbman\src\Modbus\_bak\cModbusSlave.cls(1491,9): warning VB3003: assignment: 无法将 ? 隐式转换为 Byte
C:\Users\vi\Desktop\c3.vb6.pro\vbman\src\Modbus\_bak\cModbusSlave.cls(1492,9): warning VB3003: assignment: 无法将 ? 隐式转换为 Byte
C:\Users\vi\Desktop\c3.vb6.pro\vbman\src\Modbus\_bak\cModbusSlave.cls(1493,9): warning VB3003: assignment: 无法将 ? 隐式转换为 Byte
C:\Users\vi\Desktop\c3.vb6.pro\vbman\src\Modbus\_bak\cModbusSlave.cls(1498,9): warning VB3003: assignment: 无法将 ? 隐式转换为 Byte
C:\Users\vi\Desktop\c3.vb6.pro\vbman\src\Modbus\_bak\cModbusSlave.cls(1499,9): warning VB3003: assignment: 无法将 ? 隐式转换为 Byte
C:\Users\vi\Desktop\c3.vb6.pro\vbman\src\Modbus\_bak\cModbusSlave.cls(1500,9): warning VB3003: assignment: 无法将 ? 隐式转换为 Byte
C:\Users\vi\Desktop\c3.vb6.pro\vbman\src\Modbus\_bak\cModbusSlave.cls(1501,9): warning VB3003: assignment: 无法将 ? 隐式转换为 Byte
C:\Users\vi\Desktop\c3.vb6.pro\vbman\src\Modbus\_bak\cModbusSlave.cls(1511,5): warning VB3003: assignment: 无法将 Byte 隐式转换为 ?
C:\Users\vi\Desktop\c3.vb6.pro\vbman\src\Modbus\_bak\cModbusSlave.cls(1540,5): warning VB3003: assignment: 无法将 ? 隐式转换为 Long
C:\Users\vi\Desktop\c3.vb6.pro\vbman\src\Modbus\_bak\cModbusSlave.cls(1564,9): warning VB3003: assignment: 无法将 ? 隐式转换为 Byte
C:\Users\vi\Desktop\c3.vb6.pro\vbman\src\Modbus\_bak\cModbusSlave.cls(1566,9): warning VB3003: assignment: 无法将 ? 隐式转换为 Byte
C:\Users\vi\Desktop\c3.vb6.pro\vbman\src\Modbus\_bak\cModbusSlave.cls(1567,9): warning VB3003: assignment: 无法将 ? 隐式转换为 Byte
C:\Users\vi\Desktop\c3.vb6.pro\vbman\src\Modbus\_bak\cModbusSlave.cls(1568,9): warning VB3003: assignment: 无法将 ? 隐式转换为 Byte
C:\Users\vi\Desktop\c3.vb6.pro\vbman\src\Modbus\_bak\cModbusSlave.cls(1569,9): warning VB3003: assignment: 无法将 ? 隐式转换为 Byte
C:\Users\vi\Desktop\c3.vb6.pro\vbman\src\Modbus\_bak\cModbusSlave.cls(1574,9): warning VB3003: assignment: 无法将 ? 隐式转换为 Byte
C:\Users\vi\Desktop\c3.vb6.pro\vbman\src\Modbus\_bak\cModbusSlave.cls(1575,9): warning VB3003: assignment: 无法将 ? 隐式转换为 Byte
C:\Users\vi\Desktop\c3.vb6.pro\vbman\src\Modbus\_bak\cModbusSlave.cls(1576,9): warning VB3003: assignment: 无法将 ? 隐式转换为 Byte
C:\Users\vi\Desktop\c3.vb6.pro\vbman\src\Modbus\_bak\cModbusSlave.cls(1577,9): warning VB3003: assignment: 无法将 ? 隐式转换为 Byte
C:\Users\vi\Desktop\c3.vb6.pro\vbman\src\Modbus\_bak\cModbusSlave.cls(1587,5): warning VB3003: assignment: 无法将 Byte 隐式转换为 ?
C:\Users\vi\Desktop\c3.vb6.pro\vbman\src\Modbus\_bak\cModbusSlave.cls(1611,9): warning VB3003: assignment: 无法将 ? 隐式转换为 Byte
C:\Users\vi\Desktop\c3.vb6.pro\vbman\src\Modbus\_bak\cModbusSlave.cls(1612,9): warning VB3003: assignment: 无法将 ? 隐式转换为 Byte
C:\Users\vi\Desktop\c3.vb6.pro\vbman\src\Modbus\_bak\cModbusSlave.cls(1619,9): warning VB3003: assignment: 无法将 ? 隐式转换为 Byte
C:\Users\vi\Desktop\c3.vb6.pro\vbman\src\Modbus\_bak\cModbusSlave.cls(1630,5): warning VB3003: assignment: 无法将 Byte 隐式转换为 ?
C:\Users\vi\Desktop\c3.vb6.pro\vbman\src\Modbus\_bak\cModbusSlave.cls(1705,9): warning VB3003: assignment: 无法将 ? 隐式转换为 Byte
C:\Users\vi\Desktop\c3.vb6.pro\vbman\src\Modbus\_bak\cModbusSlave.cls(1772,5): warning VB3003: assignment: 无法将 ? 隐式转换为 Byte
C:\Users\vi\Desktop\c3.vb6.pro\vbman\src\Modbus\cModbusTransportRTU.cls(179,24): warning VB3001: 未声明的标识符: 'MODBUS_INVALID_HANDLE' (可能来自其他模块)
C:\Users\vi\Desktop\c3.vb6.pro\vbman\src\Modbus\cModbusTransportRTU.cls(188,25): warning VB3001: 未声明的标识符: 'MODBUS_INVALID_HANDLE' (可能来自其他模块)
C:\Users\vi\Desktop\c3.vb6.pro\vbman\src\Modbus\cModbusTransportRTU.cls(215,25): warning VB3001: 未声明的标识符: 'MODBUS_INVALID_HANDLE' (可能来自其他模块)
C:\Users\vi\Desktop\c3.vb6.pro\vbman\src\Modbus\cModbusTransportRTU.cls(217,25): warning VB3001: 未声明的标识符: 'MODBUS_INVALID_HANDLE' (可能来自其他模块)
C:\Users\vi\Desktop\c3.vb6.pro\vbman\src\Modbus\cModbusTransportRTU.cls(268,13): warning VB3003: assignment: 无法将 ? 隐式转换为 Byte
C:\Users\vi\Desktop\c3.vb6.pro\vbman\src\Modbus\cModbusTransportRTU.cls(270,17): warning VB3003: assignment: 无法将 Byte 隐式转换为 ?
C:\Users\vi\Desktop\c3.vb6.pro\vbman\src\Modbus\cModbusTransportRTU.cls(392,5): warning VB3003: assignment: 无法将 Byte 隐式转换为 ?
C:\Users\vi\Desktop\c3.vb6.pro\vbman\src\Modbus\cModbusTransportRTU.cls(426,13): warning VB3003: assignment: 无法将 ? 隐式转换为 Byte
C:\Users\vi\Desktop\c3.vb6.pro\vbman\src\Modbus\cModbusTransportRTU.cls(455,18): warning VB3001: 未声明的标识符: 'MODBUS_FC_READ_COILS' (可能来自其他模块)
C:\Users\vi\Desktop\c3.vb6.pro\vbman\src\Modbus\cModbusTransportRTU.cls(455,40): warning VB3001: 未声明的标识符: 'MODBUS_FC_READ_DISCRETE_INPUTS' (可能来自其他模块)
C:\Users\vi\Desktop\c3.vb6.pro\vbman\src\Modbus\cModbusTransportRTU.cls(456,18): warning VB3001: 未声明的标识符: 'MODBUS_FC_READ_HOLDING_REGISTERS' (可能来自其他模块)
C:\Users\vi\Desktop\c3.vb6.pro\vbman\src\Modbus\cModbusTransportRTU.cls(456,52): warning VB3001: 未声明的标识符: 'MODBUS_FC_READ_INPUT_REGISTERS' (可能来自其他模块)
C:\Users\vi\Desktop\c3.vb6.pro\vbman\src\Modbus\cModbusTransportRTU.cls(460,18): warning VB3001: 未声明的标识符: 'MODBUS_FC_WRITE_SINGLE_COIL' (可能来自其他模块)
C:\Users\vi\Desktop\c3.vb6.pro\vbman\src\Modbus\cModbusTransportRTU.cls(460,47): warning VB3001: 未声明的标识符: 'MODBUS_FC_WRITE_SINGLE_REGISTER' (可能来自其他模块)
C:\Users\vi\Desktop\c3.vb6.pro\vbman\src\Modbus\cModbusTransportRTU.cls(464,18): warning VB3001: 未声明的标识符: 'MODBUS_FC_WRITE_MULTIPLE_COILS' (可能来自其他模块)
C:\Users\vi\Desktop\c3.vb6.pro\vbman\src\Modbus\cModbusTransportRTU.cls(464,50): warning VB3001: 未声明的标识符: 'MODBUS_FC_WRITE_MULTIPLE_REGISTERS' (可能来自其他模块)
C:\Users\vi\Desktop\c3.vb6.pro\vbman\src\Modbus\cModbusTransportRTU.cls(487,5): warning VB3003: assignment: 无法将 Byte 隐式转换为 ?
C:\Users\vi\Desktop\c3.vb6.pro\vbman\src\Modbus\cModbusTransportRTU.cls(500,21): warning VB3001: 未声明的标识符: 'MODBUS_INVALID_HANDLE' (可能来自其他模块)
C:\Users\vi\Desktop\c3.vb6.pro\vbman\src\Modbus\cModbusTransportRTU.cls(502,18): warning VB3001: 未声明的标识符: 'MODBUS_DEFAULT_BAUDRATE' (可能来自其他模块)
C:\Users\vi\Desktop\c3.vb6.pro\vbman\src\Modbus\cModbusTransportRTU.cls(503,18): warning VB3001: 未声明的标识符: 'MODBUS_DEFAULT_DATABITS' (可能来自其他模块)
C:\Users\vi\Desktop\c3.vb6.pro\vbman\src\Modbus\cModbusTransportRTU.cls(505,18): warning VB3001: 未声明的标识符: 'MODBUS_DEFAULT_STOPBITS' (可能来自其他模块)
C:\Users\vi\Desktop\c3.vb6.pro\vbman\src\Modbus\cModbusTransportRTU.cls(506,17): warning VB3001: 未声明的标识符: 'MODBUS_DEFAULT_TIMEOUT' (可能来自其他模块)
C:\Users\vi\Desktop\c3.vb6.pro\vbman\src\Tools\Array\cToolsArray.cls(159,9): warning VB3003: assignment: 无法将 Byte 隐式转换为 ?
C:\Users\vi\Desktop\c3.vb6.pro\vbman\src\Tools\Array\cToolsArray.cls(167,5): warning VB3003: assignment: 无法将 Byte 隐式转换为 ?
C:\Users\vi\Desktop\c3.vb6.pro\vbman\src\Tools\Array\cToolsArray.cls(195,9): warning VB3003: assignment: 无法将 Long 隐式转换为 ?
C:\Users\vi\Desktop\c3.vb6.pro\vbman\src\Tools\Array\cToolsArray.cls(203,5): warning VB3003: assignment: 无法将 Long 隐式转换为 ?
C:\Users\vi\Desktop\c3.vb6.pro\vbman\src\Tools\Array\cToolsArray.cls(218,5): warning VB3003: assignment: 无法将 ? 隐式转换为 Byte
C:\Users\vi\Desktop\c3.vb6.pro\vbman\src\Tools\Array\cToolsArray.cls(234,5): warning VB3003: assignment: 无法将 ? 隐式转换为 Long
C:\Users\vi\Desktop\c3.vb6.pro\vbman\src\Tools\Array\cToolsArray.cls(251,5): warning VB3003: assignment: 无法将 ? 隐式转换为 Byte
C:\Users\vi\Desktop\c3.vb6.pro\vbman\src\Tools\Array\cToolsArray.cls(258,5): warning VB3003: assignment: 无法将 ? 隐式转换为 Byte
C:\Users\vi\Desktop\c3.vb6.pro\vbman\src\Tools\Array\cToolsArray.cls(265,5): warning VB3003: assignment: 无法将 ? 隐式转换为 Byte
C:\Users\vi\Desktop\c3.vb6.pro\vbman\src\Tools\Array\cToolsArray.cls(277,5): warning VB3003: assignment: 无法将 String 隐式转换为 ?
C:\Users\vi\Desktop\c3.vb6.pro\vbman\src\Tools\Array\cToolsArray.cls(320,9): warning VB3003: assignment: 无法将 ? 隐式转换为 Byte
C:\Users\vi\Desktop\c3.vb6.pro\vbman\src\Tools\Array\cToolsArray.cls(355,5): warning VB3003: assignment: 无法将 ? 隐式转换为 Byte
C:\Users\vi\Desktop\c3.vb6.pro\vbman\src\Tools\Array\cToolsArray.cls(358,5): warning VB3003: assignment: 无法将 ? 隐式转换为 Byte
C:\Users\vi\Desktop\c3.vb6.pro\vbman\src\Tools\Dic\cToolsDic.cls(24,13): warning VB3001: 未声明的标识符: 'ToolsJs' (可能来自其他模块)
C:\Users\vi\Desktop\c3.vb6.pro\vbman\src\Tools\Fso\cToolsFso.cls(25,18): warning VB3001: 未声明的标识符: 'ToolsStr' (可能来自其他模块)
C:\Users\vi\Desktop\c3.vb6.pro\vbman\src\Tools\Fso\cToolsFso.cls(31,8): warning VB3001: 未声明的标识符: 'ToolsStr' (可能来自其他模块)
C:\Users\vi\Desktop\c3.vb6.pro\vbman\src\Redis\cRedisClient.cls(94,30): warning VB3001: 未声明的标识符: 'wckConnected' (可能来自其他模块)
C:\Users\vi\Desktop\c3.vb6.pro\vbman\src\Redis\cRedisClient.cls(192,26): warning VB3001: 未声明的标识符: 'wskTCPProtocol' (可能来自其他模块)
C:\Users\vi\Desktop\c3.vb6.pro\vbman\src\Redis\cRedisClient.cls(1701,5): warning VB3003: assignment: 无法将 ? 隐式转换为 Byte
C:\Users\vi\Desktop\c3.vb6.pro\vbman\src\Redis\cRedisClient.cls(1755,20): warning VB3001: 未声明的标识符: 'ToolsUtf8' (可能来自其他模块)
C:\Users\vi\Desktop\c3.vb6.pro\vbman\src\Redis\cRedisClient.cls(1766,9): warning VB3003: assignment: 无法将 Byte 隐式转换为 ?
C:\Users\vi\Desktop\c3.vb6.pro\vbman\src\Redis\cRedisClient.cls(1775,5): warning VB3003: assignment: 无法将 Byte 隐式转换为 ?
C:\Users\vi\Desktop\c3.vb6.pro\vbman\src\Redis\cRedisClient.cls(1817,17): warning VB3003: assignment: 无法将 ? 隐式转换为 Byte
C:\Users\vi\Desktop\c3.vb6.pro\vbman\src\Redis\cRedisClient.cls(1818,28): warning VB3001: 未声明的标识符: 'ToolsUtf8' (可能来自其他模块)
C:\Users\vi\Desktop\c3.vb6.pro\vbman\src\Redis\cRedisClient.cls(1870,16): warning VB3001: 未声明的标识符: 'ToolsUtf8' (可能来自其他模块)
C:\Users\vi\Desktop\c3.vb6.pro\vbman\src\Redis\cRedisClient.cls(1890,18): warning VB3001: 未声明的标识符: 'ToolsUtf8' (可能来自其他模块)
C:\Users\vi\Desktop\c3.vb6.pro\vbman\src\Redis\cRedisClient.cls(1896,24): warning VB3001: 未声明的标识符: 'ToolsUtf8' (可能来自其他模块)
C:\Users\vi\Desktop\c3.vb6.pro\vbman\src\Redis\cRedisClient.cls(1900,56): warning VB3001: 未声明的标识符: 'ToolsUtf8' (可能来自其他模块)
C:\Users\vi\Desktop\c3.vb6.pro\vbman\src\Redis\cRedisClient.cls(1908,5): warning VB3003: assignment: 无法将 Byte 隐式转换为 ?
C:\Users\vi\Desktop\c3.vb6.pro\vbman\src\Crypt\Hash\cCryptoHash.cls(178,9): warning VB3003: assignment: 无法将 ? 隐式转换为 Byte
C:\Users\vi\Desktop\c3.vb6.pro\vbman\src\Crypt\Hash\cCryptoHash.cls(185,5): warning VB3003: assignment: 无法将 ? 隐式转换为 Byte
C:\Users\vi\Desktop\c3.vb6.pro\vbman\src\Crypt\Hash\cCryptoHash.cls(203,5): warning VB3003: assignment: 无法将 ? 隐式转换为 Byte
C:\Users\vi\Desktop\c3.vb6.pro\vbman\src\Crypt\Hash\cCryptoHash.cls(324,5): warning VB3003: assignment: 无法将 String 隐式转换为 ?
C:\Users\vi\Desktop\c3.vb6.pro\vbman\src\Crypt\Hash\cCryptoHash.cls(359,5): warning VB3003: assignment: 无法将 ? 隐式转换为 String
C:\Users\vi\Desktop\c3.vb6.pro\vbman\src\Crypt\Hash\cCryptoHash.cls(424,5): warning VB3003: assignment: 无法将 Byte 隐式转换为 ?
C:\Users\vi\Desktop\c3.vb6.pro\vbman\src\Crypt\Hash\cCryptoHash.cls(481,9): warning VB3003: assignment: 无法将 ? 隐式转换为 Byte
C:\Users\vi\Desktop\c3.vb6.pro\vbman\src\Crypt\Hash\cCryptoHash.cls(497,5): warning VB3003: assignment: 无法将 ? 隐式转换为 Byte
C:\Users\vi\Desktop\c3.vb6.pro\vbman\src\Crypt\Hash\cCryptoHash.cls(520,5): warning VB3003: assignment: 无法将 ? 隐式转换为 Byte
C:\Users\vi\Desktop\c3.vb6.pro\vbman\src\Crypt\Hash\cCryptoHash.cls(553,5): warning VB3003: assignment: 无法将 ? 隐式转换为 Byte
C:\Users\vi\Desktop\c3.vb6.pro\vbman\src\Crypt\Hash\cCryptoHMAC.cls(193,9): warning VB3003: assignment: 无法将 ? 隐式转换为 Byte
C:\Users\vi\Desktop\c3.vb6.pro\vbman\src\Crypt\Hash\cCryptoHMAC.cls(203,5): warning VB3003: assignment: 无法将 ? 隐式转换为 Byte
C:\Users\vi\Desktop\c3.vb6.pro\vbman\src\Crypt\Hash\cCryptoHMAC.cls(229,9): warning VB3003: assignment: 无法将 ? 隐式转换为 Byte
C:\Users\vi\Desktop\c3.vb6.pro\vbman\src\Crypt\Hash\cCryptoHMAC.cls(230,9): warning VB3003: assignment: 无法将 ? 隐式转换为 Byte
C:\Users\vi\Desktop\c3.vb6.pro\vbman\src\Crypt\Hash\cCryptoHMAC.cls(237,5): warning VB3003: assignment: 无法将 ? 隐式转换为 Byte
C:\Users\vi\Desktop\c3.vb6.pro\vbman\src\Crypt\Hash\cCryptoHMAC.cls(258,5): warning VB3003: assignment: 无法将 ? 隐式转换为 Byte
C:\Users\vi\Desktop\c3.vb6.pro\vbman\src\Crypt\Hash\cCryptoHMAC.cls(305,13): warning VB3003: assignment: 无法将 ? 隐式转换为 Byte
C:\Users\vi\Desktop\c3.vb6.pro\vbman\src\Crypt\Hash\cCryptoHMAC.cls(307,13): warning VB3003: assignment: 无法将 ? 隐式转换为 Byte
C:\Users\vi\Desktop\c3.vb6.pro\vbman\src\Crypt\Hash\cCryptoHMAC.cls(310,17): warning VB3003: assignment: 无法将 ? 隐式转换为 Byte
C:\Users\vi\Desktop\c3.vb6.pro\vbman\src\Crypt\Hash\cCryptoHMAC.cls(323,5): warning VB3003: assignment: 无法将 ? 隐式转换为 Byte
C:\Users\vi\Desktop\c3.vb6.pro\vbman\src\Crypt\Hash\cCryptoHMAC.cls(335,9): warning VB3003: assignment: 无法将 ? 隐式转换为 Byte
C:\Users\vi\Desktop\c3.vb6.pro\vbman\src\Crypt\Hash\cCryptoHMAC.cls(347,5): warning VB3003: assignment: 无法将 ? 隐式转换为 Byte
C:\Users\vi\Desktop\c3.vb6.pro\vbman\src\Crypt\Hash\cCryptoHMAC.cls(369,5): warning VB3003: assignment: 无法将 ? 隐式转换为 Byte
C:\Users\vi\Desktop\c3.vb6.pro\vbman\src\Crypt\Hash\cCryptoHMAC.cls(400,5): warning VB3003: assignment: 无法将 ? 隐式转换为 Byte
C:\Users\vi\Desktop\c3.vb6.pro\vbman\src\Crypt\Hash\cCryptoHMAC.cls(472,9): warning VB3003: assignment: 无法将 ? 隐式转换为 Byte
C:\Users\vi\Desktop\c3.vb6.pro\vbman\src\Crypt\Hash\cCryptoHMAC.cls(511,5): warning VB3003: assignment: 无法将 ? 隐式转换为 Byte
C:\Users\vi\Desktop\c3.vb6.pro\vbman\src\Crypt\Hash\cCryptoHMAC.cls(603,5): warning VB3003: assignment: 无法将 Byte 隐式转换为 ?
C:\Users\vi\Desktop\c3.vb6.pro\vbman\src\Crypt\Hash\cCryptoHMAC.cls(642,9): warning VB3003: assignment: 无法将 Byte 隐式转换为 ?
C:\Users\vi\Desktop\c3.vb6.pro\vbman\src\Crypt\Hash\cCryptoHMAC.cls(660,5): warning VB3003: assignment: 无法将 Byte 隐式转换为 ?
C:\Users\vi\Desktop\c3.vb6.pro\vbman\src\Crypt\Hash\cCryptoHMAC.cls(677,5): warning VB3003: assignment: 无法将 Byte 隐式转换为 ?
C:\Users\vi\Desktop\c3.vb6.pro\vbman\src\Aliyun\Captcha\Src\cAliyunCaptcha.cls(227,21): warning VB3001: 未声明的标识符: 'ToolsDateTime' (可能来自其他模块)
C:\Users\vi\Desktop\c3.vb6.pro\vbman\src\Aliyun\Captcha\Src\cAliyunCaptcha.cls(277,27): warning VB3001: 未声明的标识符: 'HMAC_ALG_SHA1' (可能来自其他模块)
C:\Users\vi\Desktop\c3.vb6.pro\vbman\src\Aliyun\Captcha\Src\cAliyunCaptcha.cls(278,38): warning VB3001: 未声明的标识符: 'SECRET_KEY_STRING' (可能来自其他模块)
C:\Users\vi\Desktop\c3.vb6.pro\vbman\src\Aliyun\Captcha\Src\cAliyunCaptcha.cls(278,57): warning VB3001: 未声明的标识符: 'HMAC_ENCODING_UTF8' (可能来自其他模块)
C:\Users\vi\Desktop\c3.vb6.pro\vbman\src\Aliyun\Captcha\Src\cAliyunCaptcha.cls(279,31): warning VB3001: 未声明的标识符: 'HMAC_ENCODING_UTF8' (可能来自其他模块)
C:\Users\vi\Desktop\c3.vb6.pro\vbman\src\Aliyun\Captcha\Src\cAliyunCaptcha.cls(501,5): warning VB3001: 未声明的标识符: 'Randomize' (可能来自其他模块)
C:\Users\vi\Desktop\c3.vb6.pro\vbman\src\Toast\cToast.cls(368,5): warning VB3001: 未声明的标识符: 'Randomize' (可能来自其他模块)
C:\Users\vi\Desktop\c3.vb6.pro\vbman\src\Shadow\cShadow.cls(380,56): warning VB3001: 未声明的标识符: 'MSG_AFTER' (可能来自其他模块)
C:\Users\vi\Desktop\c3.vb6.pro\vbman\src\Shadow\cShadow.cls(381,58): warning VB3001: 未声明的标识符: 'MSG_BEFORE' (可能来自其他模块)
C:\Users\vi\Desktop\c3.vb6.pro\vbman\src\Shadow\cShadow.cls(387,51): warning VB3001: 未声明的标识符: 'MSG_AFTER' (可能来自其他模块)
C:\Users\vi\Desktop\c3.vb6.pro\vbman\src\Shadow\cShadow.cls(522,58): warning VB3001: 未声明的标识符: 'vbSrcCopy' (可能来自其他模块)
C:\Users\vi\Desktop\c3.vb6.pro\vbman\src\Shadow\clsSubClass.cls(497,63): warning VB3001: 未声明的标识符: 'vbLogEventTypeError' (可能来自其他模块)
C:\Users\vi\Desktop\c3.vb6.pro\vbman\src\Toast\FToastCenter.frm(65,10): warning VB3001: 未声明的标识符: 'Success' (可能来自其他模块)
C:\Users\vi\Desktop\c3.vb6.pro\vbman\src\Toast\FToastCenter.frm(67,10): warning VB3001: 未声明的标识符: 'Warning' (可能来自其他模块)
C:\Users\vi\Desktop\c3.vb6.pro\vbman\src\Toast\FToastCenter.frm(69,10): warning VB3001: 未声明的标识符: 'Danger' (可能来自其他模块)
C:\Users\vi\Desktop\c3.vb6.pro\vbman\src\Toast\FToastCenter.frm(83,10): warning VB3001: 未声明的标识符: 'Dark' (可能来自其他模块)
C:\Users\vi\Desktop\c3.vb6.pro\vbman\src\Toast\FToastCenter.frm(98,17): warning VB3001: 未声明的标识符: 'Center' (可能来自其他模块)
C:\Users\vi\Desktop\c3.vb6.pro\vbman\src\Toast\FToastCenter.frm(103,17): warning VB3001: 未声明的标识符: 'CenterTop' (可能来自其他模块)
C:\Users\vi\Desktop\c3.vb6.pro\vbman\src\Toast\FToastCenter.frm(106,21): warning VB3001: 未声明的标识符: 'CenterBottom' (可能来自其他模块)
C:\Users\vi\Desktop\c3.vb6.pro\vbman\src\Toast\FToastCenter.frm(117,17): warning VB3001: 未声明的标识符: 'Center' (可能来自其他模块)
C:\Users\vi\Desktop\c3.vb6.pro\vbman\src\Toast\FToastCenter.frm(120,21): warning VB3001: 未声明的标识符: 'CenterTop' (可能来自其他模块)
C:\Users\vi\Desktop\c3.vb6.pro\vbman\src\Toast\FToastCenter.frm(123,21): warning VB3001: 未声明的标识符: 'CenterBottom' (可能来自其他模块)
C:\Users\vi\Desktop\c3.vb6.pro\vbman\src\Toast\FToastDrawer.frm(68,10): warning VB3001: 未声明的标识符: 'Success' (可能来自其他模块)
C:\Users\vi\Desktop\c3.vb6.pro\vbman\src\Toast\FToastDrawer.frm(71,10): warning VB3001: 未声明的标识符: 'Warning' (可能来自其他模块)
C:\Users\vi\Desktop\c3.vb6.pro\vbman\src\Toast\FToastDrawer.frm(74,10): warning VB3001: 未声明的标识符: 'Danger' (可能来自其他模块)
C:\Users\vi\Desktop\c3.vb6.pro\vbman\src\Toast\FToastDrawer.frm(90,10): warning VB3001: 未声明的标识符: 'Dark' (可能来自其他模块)
C:\Users\vi\Desktop\c3.vb6.pro\vbman\src\Toast\FToastDrawer.frm(113,17): warning VB3001: 未声明的标识符: 'LeftCenter' (可能来自其他模块)
C:\Users\vi\Desktop\c3.vb6.pro\vbman\src\Toast\FToastDrawer.frm(113,40): warning VB3001: 未声明的标识符: 'RightCenter' (可能来自其他模块)
C:\Users\vi\Desktop\c3.vb6.pro\vbman\src\Toast\FToastDrawer.frm(118,17): warning VB3001: 未声明的标识符: 'LeftTop' (可能来自其他模块)
C:\Users\vi\Desktop\c3.vb6.pro\vbman\src\Toast\FToastDrawer.frm(118,37): warning VB3001: 未声明的标识符: 'RightTop' (可能来自其他模块)
C:\Users\vi\Desktop\c3.vb6.pro\vbman\src\Toast\FToastDrawer.frm(121,21): warning VB3001: 未声明的标识符: 'LeftBottom' (可能来自其他模块)
C:\Users\vi\Desktop\c3.vb6.pro\vbman\src\Toast\FToastDrawer.frm(121,44): warning VB3001: 未声明的标识符: 'RightBottom' (可能来自其他模块)
C:\Users\vi\Desktop\c3.vb6.pro\vbman\src\Toast\FToastDrawer.frm(133,17): warning VB3001: 未声明的标识符: 'LeftTop' (可能来自其他模块)
C:\Users\vi\Desktop\c3.vb6.pro\vbman\src\Toast\FToastDrawer.frm(133,37): warning VB3001: 未声明的标识符: 'LeftCenter' (可能来自其他模块)
C:\Users\vi\Desktop\c3.vb6.pro\vbman\src\Toast\FToastDrawer.frm(133,60): warning VB3001: 未声明的标识符: 'LeftBottom' (可能来自其他模块)
C:\Users\vi\Desktop\c3.vb6.pro\vbman\src\Toast\FToastDrawer.frm(135,21): warning VB3001: 未声明的标识符: 'RightTop' (可能来自其他模块)
C:\Users\vi\Desktop\c3.vb6.pro\vbman\src\Toast\FToastDrawer.frm(135,42): warning VB3001: 未声明的标识符: 'RightCenter' (可能来自其他模块)
C:\Users\vi\Desktop\c3.vb6.pro\vbman\src\Toast\FToastDrawer.frm(135,66): warning VB3001: 未声明的标识符: 'RightBottom' (可能来自其他模块)
C:\Users\vi\Desktop\c3.vb6.pro\vbman\src\Toast\FToastDrawer.frm(140,17): warning VB3001: 未声明的标识符: 'LeftTop' (可能来自其他模块)
C:\Users\vi\Desktop\c3.vb6.pro\vbman\src\Toast\FToastDrawer.frm(140,37): warning VB3001: 未声明的标识符: 'RightTop' (可能来自其他模块)
C:\Users\vi\Desktop\c3.vb6.pro\vbman\src\Toast\FToastDrawer.frm(142,21): warning VB3001: 未声明的标识符: 'LeftBottom' (可能来自其他模块)
C:\Users\vi\Desktop\c3.vb6.pro\vbman\src\Toast\FToastDrawer.frm(142,44): warning VB3001: 未声明的标识符: 'RightBottom' (可能来自其他模块)
C:\Users\vi\Desktop\c3.vb6.pro\vbman\src\Toast\FToastDrawer.frm(144,21): warning VB3001: 未声明的标识符: 'LeftCenter' (可能来自其他模块)
C:\Users\vi\Desktop\c3.vb6.pro\vbman\src\Toast\FToastDrawer.frm(144,44): warning VB3001: 未声明的标识符: 'RightCenter' (可能来自其他模块)
C:\Users\vi\Desktop\c3.vb6.pro\vbman\src\Toast\FToastDrawer.frm(188,14): warning VB3001: 未声明的标识符: 'RightTop' (可能来自其他模块)
C:\Users\vi\Desktop\c3.vb6.pro\vbman\src\Tools\Password\cPassword.cls(40,19): warning VB3001: 未声明的标识符: 'HASH_ALG_MD5' (可能来自其他模块)
C:\Users\vi\Desktop\c3.vb6.pro\vbman\src\Tools\Password\cPassword.cls(42,18): warning VB3001: 未声明的标识符: 'ENCODING_UTF8' (可能来自其他模块)
C:\Users\vi\Desktop\c3.vb6.pro\vbman\src\Delay\cDelay.cls(255,9): warning VB3001: 未声明的标识符: 'Delays' (可能来自其他模块)
C:\Users\vi\Desktop\c3.vb6.pro\vbman\src\Delay\cDelay.cls(273,9): warning VB3001: 未声明的标识符: 'Delays' (可能来自其他模块)
C:\Users\vi\Desktop\c3.vb6.pro\vbman\src\Delay\cDelay.cls(415,9): warning VB3001: 未声明的标识符: 'InitDelaySystem' (可能来自其他模块)
C:\Users\vi\Desktop\c3.vb6.pro\vbman\src\Delay\cDelay.cls(449,9): warning VB3001: 未声明的标识符: 'TermDelaySystem' (可能来自其他模块)
C:\Users\vi\Desktop\c3.vb6.pro\vbman\src\Tools\Fso\cFileEx.cls(151,5): warning VB3003: assignment: 无法将 ? 隐式转换为 Byte
C:\Users\vi\Desktop\c3.vb6.pro\vbman\src\Tools\Fso\cFileEx.cls(172,5): warning VB3003: assignment: 无法将 ? 隐式转换为 Byte
C:\Users\vi\Desktop\c3.vb6.pro\vbman\src\Tools\Fso\cFileEx.cls(178,16): warning VB3001: 未声明的标识符: 'ToolsBase64' (可能来自其他模块)
C:\Users\vi\Desktop\c3.vb6.pro\vbman\src\Tools\Fso\cFileEx.cls(356,9): warning VB3003: assignment: 无法将 Byte 隐式转换为 ?
C:\Users\vi\Desktop\c3.vb6.pro\vbman\src\Tools\Fso\cFileEx.cls(359,5): warning VB3003: assignment: 无法将 Byte 隐式转换为 ?
C:\Users\vi\Desktop\c3.vb6.pro\vbman\src\Tools\Fso\cFileEx.cls(368,20): warning VB3001: 未声明的标识符: 'ToolsBase64' (可能来自其他模块)
C:\Users\vi\Desktop\c3.vb6.pro\vbman\src\Tools\Fso\cFileEx.cls(553,17): warning VB3003: assignment: 无法将 ? 隐式转换为 String
C:\Users\vi\Desktop\c3.vb6.pro\vbman\src\Tools\Fso\cFileEx.cls(569,9): warning VB3003: assignment: 无法将 Byte 隐式转换为 ?
C:\Users\vi\Desktop\c3.vb6.pro\vbman\src\Tools\Fso\cFileEx.cls(592,5): warning VB3003: assignment: 无法将 Byte 隐式转换为 ?
C:\Users\vi\Desktop\c3.vb6.pro\vbman\src\Tools\String\cFormater.cls(127,17): warning VB3001: 未声明的标识符: 'Is' (可能来自其他模块)
C:\Users\vi\Desktop\c3.vb6.pro\vbman\src\Tools\String\cFormater.cls(139,17): warning VB3001: 未声明的标识符: 'Is' (可能来自其他模块)
C:\Users\vi\Desktop\c3.vb6.pro\vbman\src\Tools\String\cFormater.cls(142,17): warning VB3001: 未声明的标识符: 'Is' (可能来自其他模块)
C:\Users\vi\Desktop\c3.vb6.pro\vbman\src\Tools\String\cFormater.cls(145,17): warning VB3001: 未声明的标识符: 'Is' (可能来自其他模块)
C:\Users\vi\Desktop\c3.vb6.pro\vbman\src\Tools\Crc\cToolsCrc.cls(295,5): warning VB3003: assignment: 无法将 Byte 隐式转换为 ?
C:\Users\vi\Desktop\c3.vb6.pro\vbman\src\HttpClient\cSSEClient.cls(120,48): warning VB3001: 未声明的标识符: 'Consts' (可能来自其他模块)
C:\Users\vi\Desktop\c3.vb6.pro\vbman\src\HttpClient\cSSEClient.cls(137,27): warning VB3001: 未声明的标识符: 'ReqGet' (可能来自其他模块)
C:\Users\vi\Desktop\c3.vb6.pro\vbman\src\HttpClient\cSSEClient.cls(168,48): warning VB3001: 未声明的标识符: 'Consts' (可能来自其他模块)
C:\Users\vi\Desktop\c3.vb6.pro\vbman\src\HttpClient\cSSEClient.cls(180,27): warning VB3001: 未声明的标识符: 'ReqPost' (可能来自其他模块)
C:\Users\vi\Desktop\c3.vb6.pro\vbman\src\HttpClient\cSSEClient.cls(207,5): warning VB3003: assignment: 无法将 String 隐式转换为 Object
C:\Users\vi\Desktop\c3.vb6.pro\vbman\src\Winsock\cHeartbeat.cls(97,5): warning VB3003: assignment: 无法将 Byte 隐式转换为 ?
C:\Users\vi\Desktop\c3.vb6.pro\vbman\src\Winsock\cHeartbeat.cls(101,5): warning VB3003: assignment: 无法将 ? 隐式转换为 Byte
C:\Users\vi\Desktop\c3.vb6.pro\vbman\src\Winsock\cPacketProtocol.cls(220,5): warning VB3003: assignment: 无法将 Byte 隐式转换为 ?
C:\Users\vi\Desktop\c3.vb6.pro\vbman\src\Winsock\cPacketProtocol.cls(259,13): warning VB3003: assignment: 无法将 ? 隐式转换为 Byte
C:\Users\vi\Desktop\c3.vb6.pro\vbman\src\HttpServer\cHttpServerRouteItem.cls(111,17): warning VB3003: assignment: 无法将 String 隐式转换为 Object
C:\Users\vi\Desktop\c3.vb6.pro\vbman\src\Tools\Image\cImage.cls(207,19): warning VB3001: 未声明的标识符: 'ToolsBase64' (可能来自其他模块)
C:\Users\vi\Desktop\c3.vb6.pro\vbman\src\Tools\Image\cImage.cls(210,9): warning VB3003: assignment: 无法将 ? 隐式转换为 Byte
C:\Users\vi\Desktop\c3.vb6.pro\vbman\src\Tools\Image\cImage.cls(219,20): warning VB3001: 未声明的标识符: 'ToolsBase64' (可能来自其他模块)
C:\Users\vi\Desktop\c3.vb6.pro\vbman\src\Tools\Image\cImage.cls(222,20): warning VB3001: 未声明的标识符: 'ToolsBase64' (可能来自其他模块)
C:\Users\vi\Desktop\c3.vb6.pro\vbman\src\Tools\Image\cImage.cls(241,5): warning VB3003: assignment: 无法将 Byte 隐式转换为 ?
C:\Users\vi\Desktop\c3.vb6.pro\vbman\src\HttpServer\cHttpServerFileCacheEntry.cls(38,9): warning VB3003: assignment: 无法将 Byte 隐式转换为 ?
C:\Users\vi\Desktop\c3.vb6.pro\vbman\src\HttpServer\cHttpServerFileCacheEntry.cls(41,5): warning VB3003: assignment: 无法将 Byte 隐式转换为 ?
C:\Users\vi\Desktop\c3.vb6.pro\vbman\src\HttpServer\cHttpServerFileCacheEntry.cls(45,5): warning VB3003: assignment: 无法将 ? 隐式转换为 Byte
C:\Users\vi\Desktop\c3.vb6.pro\vbman\src\Filesystem\ZipArchive\src\cZipArchive.cls(527,21): warning VB3001: 未声明的标识符: 'Is' (可能来自其他模块)
C:\Users\vi\Desktop\c3.vb6.pro\vbman\src\Filesystem\ZipArchive\src\cZipArchive.cls(712,30): warning VB3001: 未声明的标识符: 'vbUseDefault' (可能来自其他模块)
C:\Users\vi\Desktop\c3.vb6.pro\vbman\src\Filesystem\ZipArchive\src\cZipArchive.cls(1110,5): warning VB3003: assignment: 无法将 ? 隐式转换为 Byte
C:\Users\vi\Desktop\c3.vb6.pro\vbman\src\Filesystem\ZipArchive\src\cZipArchive.cls(1194,5): warning VB3003: assignment: 无法将 ? 隐式转换为 Byte
C:\Users\vi\Desktop\c3.vb6.pro\vbman\src\Filesystem\ZipArchive\src\cZipArchive.cls(1195,5): warning VB3003: assignment: 无法将 ? 隐式转换为 Byte
C:\Users\vi\Desktop\c3.vb6.pro\vbman\src\Filesystem\ZipArchive\src\cZipArchive.cls(1287,5): warning VB3003: assignment: 无法将 ? 隐式转换为 Byte
C:\Users\vi\Desktop\c3.vb6.pro\vbman\src\Filesystem\ZipArchive\src\cZipArchive.cls(1322,13): warning VB3003: assignment: 无法将 Byte 隐式转换为 ?
C:\Users\vi\Desktop\c3.vb6.pro\vbman\src\Filesystem\ZipArchive\src\cZipArchive.cls(1324,13): warning VB3003: assignment: 无法将 String 隐式转换为 ?
C:\Users\vi\Desktop\c3.vb6.pro\vbman\src\Filesystem\ZipArchive\src\cZipArchive.cls(1327,9): warning VB3003: assignment: 无法将 String 隐式转换为 ?
C:\Users\vi\Desktop\c3.vb6.pro\vbman\src\Filesystem\ZipArchive\src\cZipArchive.cls(1661,21): warning VB3003: If条件应为Boolean, 实际为 String
C:\Users\vi\Desktop\c3.vb6.pro\vbman\src\Filesystem\ZipArchive\src\cZipArchive.cls(2452,59): warning VB3001: 未声明的标识符: 'VBA' (可能来自其他模块)
C:\Users\vi\Desktop\c3.vb6.pro\vbman\src\Filesystem\ZipArchive\src\cZipArchive.cls(2470,55): warning VB3001: 未声明的标识符: 'VBA' (可能来自其他模块)
C:\Users\vi\Desktop\c3.vb6.pro\vbman\src\Filesystem\ZipArchive\src\cZipArchive.cls(2475,59): warning VB3001: 未声明的标识符: 'VBA' (可能来自其他模块)
C:\Users\vi\Desktop\c3.vb6.pro\vbman\src\Filesystem\ZipArchive\src\cZipArchive.cls(3054,5): warning VB3003: assignment: 无法将 Byte 隐式转换为 ?
C:\Users\vi\Desktop\c3.vb6.pro\vbman\src\Filesystem\ZipArchive\src\cZipArchive.cls(3094,18): warning VB3001: 未声明的标识符: 'VBA' (可能来自其他模块)
C:\Users\vi\Desktop\c3.vb6.pro\vbman\src\SerialPort\cSerialConfig.cls(429,15): warning VB3001: 未声明的标识符: 'DCB_fBinary' (可能来自其他模块)
C:\Users\vi\Desktop\c3.vb6.pro\vbman\src\SerialPort\cSerialConfig.cls(432,15): warning VB3001: 未声明的标识符: 'DCB_fParity' (可能来自其他模块)
C:\Users\vi\Desktop\c3.vb6.pro\vbman\src\SerialPort\cSerialConfig.cls(435,16): warning VB3001: 未声明的标识符: 'DCB_fDtrControl' (可能来自其他模块)
C:\Users\vi\Desktop\c3.vb6.pro\vbman\src\SerialPort\cSerialConfig.cls(438,16): warning VB3001: 未声明的标识符: 'DCB_fRtsControl' (可能来自其他模块)
C:\Users\vi\Desktop\c3.vb6.pro\vbman\src\SerialPort\cSerialConfig.cls(443,23): warning VB3001: 未声明的标识符: 'DCB_fOutX' (可能来自其他模块)
C:\Users\vi\Desktop\c3.vb6.pro\vbman\src\SerialPort\cSerialConfig.cls(444,23): warning VB3001: 未声明的标识符: 'DCB_fInX' (可能来自其他模块)
C:\Users\vi\Desktop\c3.vb6.pro\vbman\src\SerialPort\cSerialConfig.cls(446,23): warning VB3001: 未声明的标识符: 'DCB_fOutxCtsFlow' (可能来自其他模块)
C:\Users\vi\Desktop\c3.vb6.pro\vbman\src\SerialPort\cSerialConfig.cls(448,23): warning VB3001: 未声明的标识符: 'DCB_fOutxDsrFlow' (可能来自其他模块)
C:\Users\vi\Desktop\c3.vb6.pro\vbman\src\SerialPort\cSerialConfig.cls(450,23): warning VB3001: 未声明的标识符: 'DCB_fOutxCtsFlow' (可能来自其他模块)
C:\Users\vi\Desktop\c3.vb6.pro\vbman\src\SerialPort\cSerialConfig.cls(451,23): warning VB3001: 未声明的标识符: 'DCB_fOutX' (可能来自其他模块)
C:\Users\vi\Desktop\c3.vb6.pro\vbman\src\SerialPort\cSerialConfig.cls(452,23): warning VB3001: 未声明的标识符: 'DCB_fInX' (可能来自其他模块)
C:\Users\vi\Desktop\c3.vb6.pro\vbman\src\SerialPort\cSerialConfig.cls(456,15): warning VB3001: 未声明的标识符: 'DCB_fNull' (可能来自其他模块)
C:\Users\vi\Desktop\c3.vb6.pro\vbman\src\SerialPort\cSerialConfig.cls(457,15): warning VB3001: 未声明的标识符: 'DCB_fAbortOnError' (可能来自其他模块)
C:\Users\vi\Desktop\c3.vb6.pro\vbman\src\SerialPort\cSerialConfig.cls(458,15): warning VB3001: 未声明的标识符: 'DCB_fTXContinueOnXoff' (可能来自其他模块)
C:\Users\vi\Desktop\c3.vb6.pro\vbman\src\SerialPort\cSerialConfig.cls(460,19): warning VB3001: 未声明的标识符: 'DCB_fErrorChar' (可能来自其他模块)
C:\Users\vi\Desktop\c3.vb6.pro\vbman\src\SerialPort\cSerialConfig.cls(486,33): warning VB3001: 未声明的标识符: 'DCB_fParity' (可能来自其他模块)
C:\Users\vi\Desktop\c3.vb6.pro\vbman\src\SerialPort\cSerialConfig.cls(487,31): warning VB3001: 未声明的标识符: 'DCB_fNull' (可能来自其他模块)
C:\Users\vi\Desktop\c3.vb6.pro\vbman\src\SerialPort\cSerialConfig.cls(488,32): warning VB3001: 未声明的标识符: 'DCB_fAbortOnError' (可能来自其他模块)
C:\Users\vi\Desktop\c3.vb6.pro\vbman\src\SerialPort\cSerialConfig.cls(489,36): warning VB3001: 未声明的标识符: 'DCB_fTXContinueOnXoff' (可能来自其他模块)
C:\Users\vi\Desktop\c3.vb6.pro\vbman\src\SerialPort\cSerialConfig.cls(492,31): warning VB3001: 未声明的标识符: 'DCB_fDtrControl' (可能来自其他模块)
C:\Users\vi\Desktop\c3.vb6.pro\vbman\src\SerialPort\cSerialConfig.cls(493,31): warning VB3001: 未声明的标识符: 'DCB_fRtsControl' (可能来自其他模块)
C:\Users\vi\Desktop\c3.vb6.pro\vbman\src\SerialPort\cSerialConfig.cls(496,45): warning VB3001: 未声明的标识符: 'DCB_fOutX' (可能来自其他模块)
C:\Users\vi\Desktop\c3.vb6.pro\vbman\src\SerialPort\cSerialConfig.cls(497,43): warning VB3001: 未声明的标识符: 'DCB_fInX' (可能来自其他模块)
C:\Users\vi\Desktop\c3.vb6.pro\vbman\src\SerialPort\cSerialConfig.cls(498,43): warning VB3001: 未声明的标识符: 'DCB_fOutxCtsFlow' (可能来自其他模块)
C:\Users\vi\Desktop\c3.vb6.pro\vbman\src\SerialPort\cSerialConfig.cls(499,43): warning VB3001: 未声明的标识符: 'DCB_fOutxDsrFlow' (可能来自其他模块)
C:\Users\vi\Desktop\c3.vb6.pro\vbman\src\SerialPort\cSerialPort.cls(144,16): warning VB3001: 未声明的标识符: 'INVALID_HANDLE_VALUE' (可能来自其他模块)
C:\Users\vi\Desktop\c3.vb6.pro\vbman\src\SerialPort\cSerialPort.cls(407,27): warning VB3001: 未声明的标识符: 'GENERIC_READ' (可能来自其他模块)
C:\Users\vi\Desktop\c3.vb6.pro\vbman\src\SerialPort\cSerialPort.cls(407,43): warning VB3001: 未声明的标识符: 'GENERIC_WRITE' (可能来自其他模块)
C:\Users\vi\Desktop\c3.vb6.pro\vbman\src\SerialPort\cSerialPort.cls(410,27): warning VB3001: 未声明的标识符: 'OPEN_EXISTING' (可能来自其他模块)
C:\Users\vi\Desktop\c3.vb6.pro\vbman\src\SerialPort\cSerialPort.cls(414,19): warning VB3001: 未声明的标识符: 'INVALID_HANDLE_VALUE' (可能来自其他模块)
C:\Users\vi\Desktop\c3.vb6.pro\vbman\src\SerialPort\cSerialPort.cls(431,20): warning VB3001: 未声明的标识符: 'INVALID_HANDLE_VALUE' (可能来自其他模块)
C:\Users\vi\Desktop\c3.vb6.pro\vbman\src\SerialPort\cSerialPort.cls(441,20): warning VB3001: 未声明的标识符: 'INVALID_HANDLE_VALUE' (可能来自其他模块)
C:\Users\vi\Desktop\c3.vb6.pro\vbman\src\SerialPort\cSerialPort.cls(446,25): warning VB3001: 未声明的标识符: 'PURGE_TXABORT' (可能来自其他模块)
C:\Users\vi\Desktop\c3.vb6.pro\vbman\src\SerialPort\cSerialPort.cls(446,42): warning VB3001: 未声明的标识符: 'PURGE_RXABORT' (可能来自其他模块)
C:\Users\vi\Desktop\c3.vb6.pro\vbman\src\SerialPort\cSerialPort.cls(446,59): warning VB3001: 未声明的标识符: 'PURGE_TXCLEAR' (可能来自其他模块)
C:\Users\vi\Desktop\c3.vb6.pro\vbman\src\SerialPort\cSerialPort.cls(446,76): warning VB3001: 未声明的标识符: 'PURGE_RXCLEAR' (可能来自其他模块)
C:\Users\vi\Desktop\c3.vb6.pro\vbman\src\SerialPort\cSerialPort.cls(464,16): warning VB3001: 未声明的标识符: 'INVALID_HANDLE_VALUE' (可能来自其他模块)
C:\Users\vi\Desktop\c3.vb6.pro\vbman\src\SerialPort\cSerialPort.cls(691,38): warning VB3001: 未声明的标识符: 'modSerialPortAPI' (可能来自其他模块)
C:\Users\vi\Desktop\c3.vb6.pro\vbman\src\SerialPort\cSerialPort.cls(693,38): warning VB3001: 未声明的标识符: 'modSerialPortAPI' (可能来自其他模块)
C:\Users\vi\Desktop\c3.vb6.pro\vbman\src\SerialPort\cSerialPort.cls(701,38): warning VB3001: 未声明的标识符: 'modSerialPortAPI' (可能来自其他模块)
C:\Users\vi\Desktop\c3.vb6.pro\vbman\src\SerialPort\cSerialPort.cls(703,38): warning VB3001: 未声明的标识符: 'modSerialPortAPI' (可能来自其他模块)
C:\Users\vi\Desktop\c3.vb6.pro\vbman\src\SerialPort\cSerialPort.cls(724,34): warning VB3001: 未声明的标识符: 'modSerialPortAPI' (可能来自其他模块)
C:\Users\vi\Desktop\c3.vb6.pro\vbman\src\SerialPort\cSerialPort.cls(730,34): warning VB3001: 未声明的标识符: 'modSerialPortAPI' (可能来自其他模块)
C:\Users\vi\Desktop\c3.vb6.pro\vbman\src\SerialPort\cSerialPort.cls(740,25): warning VB3001: 未声明的标识符: 'PURGE_RXABORT' (可能来自其他模块)
C:\Users\vi\Desktop\c3.vb6.pro\vbman\src\SerialPort\cSerialPort.cls(740,42): warning VB3001: 未声明的标识符: 'PURGE_RXCLEAR' (可能来自其他模块)
C:\Users\vi\Desktop\c3.vb6.pro\vbman\src\SerialPort\cSerialPort.cls(746,25): warning VB3001: 未声明的标识符: 'PURGE_TXABORT' (可能来自其他模块)
C:\Users\vi\Desktop\c3.vb6.pro\vbman\src\SerialPort\cSerialPort.cls(746,42): warning VB3001: 未声明的标识符: 'PURGE_TXCLEAR' (可能来自其他模块)
C:\Users\vi\Desktop\c3.vb6.pro\vbman\src\SerialPort\cSerialPort.cls(752,25): warning VB3001: 未声明的标识符: 'PURGE_TXABORT' (可能来自其他模块)
C:\Users\vi\Desktop\c3.vb6.pro\vbman\src\SerialPort\cSerialPort.cls(752,42): warning VB3001: 未声明的标识符: 'PURGE_RXABORT' (可能来自其他模块)
C:\Users\vi\Desktop\c3.vb6.pro\vbman\src\SerialPort\cSerialPort.cls(752,59): warning VB3001: 未声明的标识符: 'PURGE_TXCLEAR' (可能来自其他模块)
C:\Users\vi\Desktop\c3.vb6.pro\vbman\src\SerialPort\cSerialPort.cls(752,76): warning VB3001: 未声明的标识符: 'PURGE_RXCLEAR' (可能来自其他模块)
C:\Users\vi\Desktop\c3.vb6.pro\vbman\src\Filesystem\ZipArchive\src\cMemoryStream.cls(41,9): warning VB3003: assignment: 无法将 Byte 隐式转换为 ?
C:\Users\vi\Desktop\c3.vb6.pro\vbman\src\Filesystem\ZipArchive\src\cMemoryStream.cls(44,9): warning VB3003: assignment: 无法将 String 隐式转换为 ?
C:\Users\vi\Desktop\c3.vb6.pro\vbman\src\Filesystem\ZipArchive\src\cMemoryStream.cls(49,5): warning VB3003: assignment: 无法将 ? 隐式转换为 Byte
(1,1): warning VB4001: P7.5: Unknown control property 'LContent.Move' for control type, generating struct field access (may not compile)
(1,1): warning VB4001: P7.5: Unknown control property 'List1.Move' for control type, generating struct field access (may not compile)
(1,1): warning VB4001: P7.5: Unknown control property 'Text1.Move' for control type, generating struct field access (may not compile)
(1,1): warning VB4001: P7.5: Unknown control property 'Command1.Move' for control type, generating struct field access (may not compile)
(1,1): warning VB4001: P7.5: Unknown control property 'Command2.Move' for control type, generating struct field access (may not compile)
(1,1): warning VB4001: P7.5: Unknown control property write 'Picture1.Align' for control type, generating struct field access (may not compile)
(1,1): warning VB4001: P7.5: Unknown control property 'Picture1.Align' for control type, generating struct field access (may not compile)
(1,1): warning VB4001: P7.5: Unknown control property write 'Picture1.Align' for control type, generating struct field access (may not compile)
(1,1): warning VB4001: P7.5: Unknown control property 'Picture1.Align' for control type, generating struct field access (may not compile)
